,Product name,Links of products,Reviews
0,"REDMI Note 11 Pro (Stealth Black, 128 GB)",https://www.flipkart.com/redmi-note-11-pro-stealth-black-128-gb/p/itm93f6b9c28c056?pid=MOBGHDXFPWKFSFJ2&lid=LSTMOBGHDXFPWKFSFJ2UGWW21&marketplace=FLIPKART&store=tyy%2F4io&srno=b_2_25&otracker=nmenu_sub_Electronics_0_Mi&fm=organic&iid=ca1be996-65f3-486b-95db-d40c7e4a5971.MOBGHDXFPWKFSFJ2.SEARCH&ppt=None&ppn=None&ssid=kdp5ra16tc0000001708240006193,4.1
1,"Redmi 9 (Sky Blue, 64 GB)",https://www.flipkart.com/redmi-9-sky-blue-64-gb/p/itm4fb151383983b?pid=MOBFV5FPUS8UHG9H&lid=LSTMOBFV5FPUS8UHG9HPWO67M&marketplace=FLIPKART&store=tyy%2F4io&srno=b_2_26&otracker=nmenu_sub_Electronics_0_Mi&fm=organic&iid=ca1be996-65f3-486b-95db-d40c7e4a5971.MOBFV5FPUS8UHG9H.SEARCH&ppt=None&ppn=None&ssid=kdp5ra16tc0000001708240006193,4.3
2,"Mi 11 Lite (Vinyl Black, 128 GB)",https://www.flipkart.com/mi-11-lite-vinyl-black-128-gb/p/itmac6203bae9394?pid=MOBG3VSKHGETEBVM&lid=LSTMOBG3VSKHGETEBVM69CG2F&marketplace=FLIPKART&store=tyy%2F4io&srno=b_2_27&otracker=nmenu_sub_Electronics_0_Mi&fm=organic&iid=ca1be996-65f3-486b-95db-d40c7e4a5971.MOBG3VSKHGETEBVM.SEARCH&ppt=None&ppn=None&ssid=kdp5ra16tc0000001708240006193,4.2
3,"Redmi 8 (Sapphire Blue, 64 GB)",https://www.flipkart.com/redmi-8-sapphire-blue-64-gb/p/itm3456a210a9014?pid=MOBFKPYDENDXZZ7U&lid=LSTMOBFKPYDENDXZZ7UBSMHAG&marketplace=FLIPKART&store=tyy%2F4io&srno=b_2_28&otracker=nmenu_sub_Electronics_0_Mi&fm=organic&iid=ca1be996-65f3-486b-95db-d40c7e4a5971.MOBFKPYDENDXZZ7U.SEARCH&ppt=None&ppn=None&ssid=kdp5ra16tc0000001708240006193,4.4
4,"Redmi K20 Pro (Flame Red, 128 GB)",https://www.flipkart.com/redmi-k20-pro-flame-red-128-gb/p/itmfg7uysw6gs55a?pid=MOBFG7UYFKHFKBNB&lid=LSTMOBFG7UYFKHFKBNBIBDWWE&marketplace=FLIPKART&store=tyy%2F4io&srno=b_2_29&otracker=nmenu_sub_Electronics_0_Mi&fm=organic&iid=ca1be996-65f3-486b-95db-d40c7e4a5971.MOBFG7UYFKHFKBNB.SEARCH&ppt=None&ppn=None&ssid=kdp5ra16tc0000001708240006193,4.5
5,"Redmi Note 7S (Sapphire Blue, 32 GB)",https://www.flipkart.com/redmi-note-7s-sapphire-blue-32-gb/p/itmfgpbacwygthha?pid=MOBFGGJ8Z7ZQVHSZ&lid=LSTMOBFGGJ8Z7ZQVHSZVVAQ68&marketplace=FLIPKART&store=tyy%2F4io&srno=b_2_30&otracker=nmenu_sub_Electronics_0_Mi&fm=organic&iid=ca1be996-65f3-486b-95db-d40c7e4a5971.MOBFGGJ8Z7ZQVHSZ.SEARCH&ppt=None&ppn=None&ssid=kdp5ra16tc0000001708240006193,4.4
6,"Redmi Note 5 (Gold, 32 GB)",https://www.flipkart.com/redmi-note-5-gold-32-gb/p/itmf2fc39bfw7kyc?pid=MOBF28FTQYA9BFW5&lid=LSTMOBF28FTQYA9BFW5XJRGOI&marketplace=FLIPKART&store=tyy%2F4io&srno=b_2_31&otracker=nmenu_sub_Electronics_0_Mi&fm=organic&iid=ca1be996-65f3-486b-95db-d40c7e4a5971.MOBF28FTQYA9BFW5.SEARCH&ppt=None&ppn=None&ssid=kdp5ra16tc0000001708240006193,4.4
7,"Xiaomi 12 Pro 5G (Noir Black, 256 GB)",https://www.flipkart.com/xiaomi-12-pro-5g-noir-black-256-gb/p/itm67bddf0d43d59?pid=MOBGDZ84RS67ZTEP&lid=LSTMOBGDZ84RS67ZTEPVWOBEX&marketplace=FLIPKART&store=tyy%2F4io&srno=b_2_32&otracker=nmenu_sub_Electronics_0_Mi&fm=organic&iid=ca1be996-65f3-486b-95db-d40c7e4a5971.MOBGDZ84RS67ZTEP.SEARCH&ppt=None&ppn=None&ssid=kdp5ra16tc0000001708240006193,4.2
8,"Redmi 8A Dual (Midnight Grey, 64 GB)",https://www.flipkart.com/redmi-8a-dual-midnight-grey-64-gb/p/itmf5568beb3c3a5?pid=MOBFSWAGSEZK2KUA&lid=LSTMOBFSWAGSEZK2KUAG4NMAJ&marketplace=FLIPKART&store=tyy%2F4io&srno=b_2_33&otracker=nmenu_sub_Electronics_0_Mi&fm=organic&iid=ca1be996-65f3-486b-95db-d40c7e4a5971.MOBFSWAGSEZK2KUA.SEARCH&ppt=None&ppn=None&ssid=kdp5ra16tc0000001708240006193,4.2
9,"Redmi 6A (Black, 16 GB)",https://www.flipkart.com/redmi-6a-black-16-gb/p/itmdf93c982df80f?pid=MOBF9H95RFHUNBQZ&lid=LSTMOBF9H95RFHUNBQZID6OKJ&marketplace=FLIPKART&store=tyy%2F4io&srno=b_2_34&otracker=nmenu_sub_Electronics_0_Mi&fm=organic&iid=ca1be996-65f3-486b-95db-d40c7e4a5971.MOBF9H95RFHUNBQZ.SEARCH&ppt=None&ppn=None&ssid=kdp5ra16tc0000001708240006193,4.3
10,"Redmi 8 (Onyx Black, 64 GB)",https://www.flipkart.com/redmi-8-onyx-black-64-gb/p/itmebd23d8a2ed1b?pid=MOBFKPYDZJQHGJXA&lid=LSTMOBFKPYDZJQHGJXAZ1IYPU&marketplace=FLIPKART&store=tyy%2F4io&srno=b_2_35&otracker=nmenu_sub_Electronics_0_Mi&fm=organic&iid=ca1be996-65f3-486b-95db-d40c7e4a5971.MOBFKPYDZJQHGJXA.SEARCH&ppt=None&ppn=None&ssid=kdp5ra16tc0000001708240006193,4.4
11,"Mi 10T (Cosmic Black, 128 GB)",https://www.flipkart.com/mi-10t-cosmic-black-128-gb/p/itmcd714276806ef?pid=MOBFWAFZNCMVPHMZ&lid=LSTMOBFWAFZNCMVPHMZCIEQUR&marketplace=FLIPKART&store=tyy%2F4io&srno=b_2_36&otracker=nmenu_sub_Electronics_0_Mi&fm=organic&iid=ca1be996-65f3-486b-95db-d40c7e4a5971.MOBFWAFZNCMVPHMZ.SEARCH&ppt=None&ppn=None&ssid=kdp5ra16tc0000001708240006193,4.1
12,"REDMI Note 11 Pro (Stealth Black, 128 GB)",https://www.flipkart.com/redmi-note-11-pro-stealth-black-128-gb/p/itm22dabad45827d?pid=MOBGHDXJW5UQFMTZ&lid=LSTMOBGHDXJW5UQFMTZLNEGVX&marketplace=FLIPKART&store=tyy%2F4io&srno=b_2_37&otracker=nmenu_sub_Electronics_0_Mi&fm=organic&iid=ca1be996-65f3-486b-95db-d40c7e4a5971.MOBGHDXJW5UQFMTZ.SEARCH&ppt=None&ppn=None&ssid=kdp5ra16tc0000001708240006193,4.3
13,"Redmi 10 Prime (Phantom Black, 64 GB)",https://www.flipkart.com/redmi-10-prime-phantom-black-64-gb/p/itm7093af5741fe4?pid=MOBGK2GFPNPYFHP7&lid=LSTMOBGK2GFPNPYFHP7DTKHVK&marketplace=FLIPKART&store=tyy%2F4io&srno=b_2_38&otracker=nmenu_sub_Electronics_0_Mi&fm=organic&iid=ca1be996-65f3-486b-95db-d40c7e4a5971.MOBGK2GFPNPYFHP7.SEARCH&ppt=None&ppn=None&ssid=kdp5ra16tc0000001708240006193,4.1
14,"Mi 11 Lite (Vinyl Black, 128 GB)",https://www.flipkart.com/mi-11-lite-vinyl-black-128-gb/p/itmac6203bae9394?pid=MOBG3VSKRKGZKJAR&lid=LSTMOBG3VSKRKGZKJAR9UUSWD&marketplace=FLIPKART&store=tyy%2F4io&srno=b_2_39&otracker=nmenu_sub_Electronics_0_Mi&fm=organic&iid=ca1be996-65f3-486b-95db-d40c7e4a5971.MOBG3VSKRKGZKJAR.SEARCH&ppt=None&ppn=None&ssid=kdp5ra16tc0000001708240006193,4.2
15,"Redmi 6A (Blue, 32 GB)",https://www.flipkart.com/redmi-6a-blue-32-gb/p/itmfggjrdnrmscwf?pid=MOBFAMZA2EHNAYE8&lid=LSTMOBFAMZA2EHNAYE81HPKJM&marketplace=FLIPKART&store=tyy%2F4io&srno=b_2_40&otracker=nmenu_sub_Electronics_0_Mi&fm=organic&iid=ca1be996-65f3-486b-95db-d40c7e4a5971.MOBFAMZA2EHNAYE8.SEARCH&ppt=None&ppn=None&ssid=kdp5ra16tc0000001708240006193,4.3
16,"Redmi 8A (Sunset Red, 32 GB)",https://www.flipkart.com/redmi-8a-sunset-red-32-gb/p/itm5474ed67d23bf?pid=MOBFKF98FTTEN832&lid=LSTMOBFKF98FTTEN832NKEHTF&marketplace=FLIPKART&store=tyy%2F4io&srno=b_2_41&otracker=nmenu_sub_Electronics_0_Mi&fm=organic&iid=ca1be996-65f3-486b-95db-d40c7e4a5971.MOBFKF98FTTEN832.SEARCH&ppt=None&ppn=None&ssid=kdp5ra16tc0000001708240006193,4.4
17,"Redmi 7A (Matte Black, 32 GB)",https://www.flipkart.com/redmi-7a-matte-black-32-gb/p/itm117b7c03ad185?pid=MOBFHZ4BRKSMDXH7&lid=LSTMOBFHZ4BRKSMDXH7XKB6YB&marketplace=FLIPKART&store=tyy%2F4io&srno=b_2_42&otracker=nmenu_sub_Electronics_0_Mi&fm=organic&iid=ca1be996-65f3-486b-95db-d40c7e4a5971.MOBFHZ4BRKSMDXH7.SEARCH&ppt=None&ppn=None&ssid=kdp5ra16tc0000001708240006193,4.3
18,"Redmi Note 7S (Ruby Red, 64 GB)",https://www.flipkart.com/redmi-note-7s-ruby-red-64-gb/p/itmfh75fae8bbtff?pid=MOBFGGJ85BAHVRUV&lid=LSTMOBFGGJ85BAHVRUVAIPP3O&marketplace=FLIPKART&store=tyy%2F4io&srno=b_2_43&otracker=nmenu_sub_Electronics_0_Mi&fm=organic&iid=ca1be996-65f3-486b-95db-d40c7e4a5971.MOBFGGJ85BAHVRUV.SEARCH&ppt=None&ppn=None&ssid=kdp5ra16tc0000001708240006193,4.4
19,"Redmi 6A (Blue, 16 GB)",https://www.flipkart.com/redmi-6a-blue-16-gb/p/itm1ed294a755383?pid=MOBF9Z2Z3YDBSF6V&lid=LSTMOBF9Z2Z3YDBSF6V1MMLVL&marketplace=FLIPKART&store=tyy%2F4io&srno=b_2_44&otracker=nmenu_sub_Electronics_0_Mi&fm=organic&iid=ca1be996-65f3-486b-95db-d40c7e4a5971.MOBF9Z2Z3YDBSF6V.SEARCH&ppt=None&ppn=None&ssid=kdp5ra16tc0000001708240006193,4.3
20,"Redmi 7A (Matte Blue, 32 GB)",https://www.flipkart.com/redmi-7a-matte-blue-32-gb/p/itm2cabf87a171a0?pid=MOBFHZ4BZW2GM6UH&lid=LSTMOBFHZ4BZW2GM6UHB6IRZ1&marketplace=FLIPKART&store=tyy%2F4io&srno=b_2_45&otracker=nmenu_sub_Electronics_0_Mi&fm=organic&iid=ca1be996-65f3-486b-95db-d40c7e4a5971.MOBFHZ4BZW2GM6UH.SEARCH&ppt=None&ppn=None&ssid=kdp5ra16tc0000001708240006193,4.3
21,"Mi 10T (Cosmic Black, 128 GB)",https://www.flipkart.com/mi-10t-cosmic-black-128-gb/p/itm868408729a66b?pid=MOBGRFKNZAFK2WHS&lid=LSTMOBGRFKNZAFK2WHSJ96EJS&marketplace=FLIPKART&store=tyy%2F4io&srno=b_2_46&otracker=nmenu_sub_Electronics_0_Mi&fm=organic&iid=ca1be996-65f3-486b-95db-d40c7e4a5971.MOBGRFKNZAFK2WHS.SEARCH&ppt=None&ppn=None&ssid=kdp5ra16tc0000001708240006193,4.1
22,"Xiaomi 11i Hypercharge 5G (Purple Mist, 128 GB)",https://www.flipkart.com/xiaomi-11i-hypercharge-5g-purple-mist-128-gb/p/itmbfcb7e0ad00a9?pid=MOBGSYMFRGX5FCXM&lid=LSTMOBGSYMFRGX5FCXMCSAWRW&marketplace=FLIPKART&store=tyy%2F4io&srno=b_2_47&otracker=nmenu_sub_Electronics_0_Mi&fm=organic&iid=ca1be996-65f3-486b-95db-d40c7e4a5971.MOBGSYMFRGX5FCXM.SEARCH&ppt=None&ppn=None&ssid=kdp5ra16tc0000001708240006193,4.2
23,"Redmi 9A (Sea Blue, 32 GB)",https://www.flipkart.com/redmi-9a-sea-blue-32-gb/p/itmeabd39a0cd669?pid=MOBFVDAYEWNQNKHH&lid=LSTMOBFVDAYEWNQNKHH71ZACK&marketplace=FLIPKART&store=tyy%2F4io&srno=b_2_48&otracker=nmenu_sub_Electronics_0_Mi&fm=organic&iid=ca1be996-65f3-486b-95db-d40c7e4a5971.MOBFVDAYEWNQNKHH.SEARCH&ppt=None&ppn=None&ssid=kdp5ra16tc0000001708240006193,4.3
24,"Redmi 9A (Nature Green, 32 GB)",https://www.flipkart.com/redmi-9a-nature-green-32-gb/p/itmeabd39a0cd669?pid=MOBFVDAFCKBNXQ7E&lid=LSTMOBFVDAFCKBNXQ7ECXMBYZ&marketplace=FLIPKART&store=tyy%2F4io&srno=b_3_49&otracker=nmenu_sub_Electronics_0_Mi&fm=organic&iid=b8fed574-e2ee-4e6c-b228-c779ff7dd6da.MOBFVDAFCKBNXQ7E.SEARCH&ppt=None&ppn=None&ssid=o3v562x2o00000001708240039210,4.3
25,"12 (Black, 128 GB)",https://www.flipkart.com/12-black-128-gb/p/itm52eeb140d6985?pid=MOBGSGXB2TFGMTYY&lid=LSTMOBGSGXB2TFGMTYY5FSAQQ&marketplace=FLIPKART&store=tyy%2F4io&srno=b_3_50&otracker=nmenu_sub_Electronics_0_Mi&fm=organic&iid=b8fed574-e2ee-4e6c-b228-c779ff7dd6da.MOBGSGXB2TFGMTYY.SEARCH&ppt=None&ppn=None&ssid=o3v562x2o00000001708240039210,4.7
26,"Redmi Note 7 Pro (Moonlight White, 128 GB)",https://www.flipkart.com/redmi-note-7-pro-moonlight-white-128-gb/p/itm410bac3ec336c?pid=MOBFJFZDF6EZQRHH&lid=LSTMOBFJFZDF6EZQRHHIQJHBR&marketplace=FLIPKART&store=tyy%2F4io&srno=b_3_51&otracker=nmenu_sub_Electronics_0_Mi&fm=organic&iid=b8fed574-e2ee-4e6c-b228-c779ff7dd6da.MOBFJFZDF6EZQRHH.SEARCH&ppt=None&ppn=None&ssid=o3v562x2o00000001708240039210,4.5
27,"REDMI Note 11 Pro (Phantom White, 128 GB)",https://www.flipkart.com/redmi-note-11-pro-phantom-white-128-gb/p/itme7022ee103b26?pid=MOBGHDXFYMM5UFGM&lid=LSTMOBGHDXFYMM5UFGMIGOBQX&marketplace=FLIPKART&store=tyy%2F4io&srno=b_3_52&otracker=nmenu_sub_Electronics_0_Mi&fm=organic&iid=b8fed574-e2ee-4e6c-b228-c779ff7dd6da.MOBGHDXFYMM5UFGM.SEARCH&ppt=None&ppn=None&ssid=o3v562x2o00000001708240039210,4.3
28,"Redmi Note 7 Pro (Blue, 64 GB)",https://www.flipkart.com/redmi-note-7-pro-blue-64-gb/p/itm410bac3ec336c?pid=MOBFDXZ376XRTZXH&lid=LSTMOBFDXZ376XRTZXHNZ5V6Z&marketplace=FLIPKART&store=tyy%2F4io&srno=b_3_53&otracker=nmenu_sub_Electronics_0_Mi&fm=organic&iid=b8fed574-e2ee-4e6c-b228-c779ff7dd6da.MOBFDXZ376XRTZXH.SEARCH&ppt=None&ppn=None&ssid=o3v562x2o00000001708240039210,4.5
29,"REDMI Note 11 Pro (Star Blue, 128 GB)",https://www.flipkart.com/redmi-note-11-pro-star-blue-128-gb/p/itme7022ee103b26?pid=MOBGHDXJ6FPF625G&lid=LSTMOBGHDXJ6FPF625G98WHWM&marketplace=FLIPKART&store=tyy%2F4io&srno=b_3_54&otracker=nmenu_sub_Electronics_0_Mi&fm=organic&iid=b8fed574-e2ee-4e6c-b228-c779ff7dd6da.MOBGHDXJ6FPF625G.SEARCH&ppt=None&ppn=None&ssid=o3v562x2o00000001708240039210,4.1
30,"Redmi 5A (Grey, 16 GB)",https://www.flipkart.com/redmi-5a-grey-16-gb/p/itmf2fwcumw7ghwy?pid=MOBEZWXESCPGF3GZ&lid=LSTMOBEZWXESCPGF3GZME5PM4&marketplace=FLIPKART&store=tyy%2F4io&srno=b_3_55&otracker=nmenu_sub_Electronics_0_Mi&fm=organic&iid=b8fed574-e2ee-4e6c-b228-c779ff7dd6da.MOBEZWXESCPGF3GZ.SEARCH&ppt=None&ppn=None&ssid=o3v562x2o00000001708240039210,4.5
31,"Xiaomi 11i Hypercharge 5G (Stealth Black, 128 GB)",https://www.flipkart.com/xiaomi-11i-hypercharge-5g-stealth-black-128-gb/p/itmd19127afbbce1?pid=MOBG9QWVZFNZDNMM&lid=LSTMOBG9QWVZFNZDNMMSP5EPM&marketplace=FLIPKART&store=tyy%2F4io&srno=b_3_56&otracker=nmenu_sub_Electronics_0_Mi&fm=organic&iid=b8fed574-e2ee-4e6c-b228-c779ff7dd6da.MOBG9QWVZFNZDNMM.SEARCH&ppt=None&ppn=None&ssid=o3v562x2o00000001708240039210,4.2
32,"Mi 11 Lite (Jazz Blue, 128 GB)",https://www.flipkart.com/mi-11-lite-jazz-blue-128-gb/p/itmac6203bae9394?pid=MOBG3VSKQMCRP5CR&lid=LSTMOBG3VSKQMCRP5CRJDNKG6&marketplace=FLIPKART&store=tyy%2F4io&srno=b_3_57&otracker=nmenu_sub_Electronics_0_Mi&fm=organic&iid=b8fed574-e2ee-4e6c-b228-c779ff7dd6da.MOBG3VSKQMCRP5CR.SEARCH&ppt=None&ppn=None&ssid=o3v562x2o00000001708240039210,4.2
33,"12 (Silver, 128 GB)",https://www.flipkart.com/12-silver-128-gb/p/itm52eeb140d6985?pid=MOBGSEMZ6NMHGGCF&lid=LSTMOBGSEMZ6NMHGGCFCI8ZVZ&marketplace=FLIPKART&store=tyy%2F4io&srno=b_3_58&otracker=nmenu_sub_Electronics_0_Mi&fm=organic&iid=b8fed574-e2ee-4e6c-b228-c779ff7dd6da.MOBGSEMZ6NMHGGCF.SEARCH&ppt=None&ppn=None&ssid=o3v562x2o00000001708240039210,4.7
34,"Redmi 7A (Matte Gold, 32 GB)",https://www.flipkart.com/redmi-7a-matte-gold-32-gb/p/itmfhz4cfwesj6qh?pid=MOBFHZ4BYCMVJHVU&lid=LSTMOBFHZ4BYCMVJHVUPQQHI0&marketplace=FLIPKART&store=tyy%2F4io&srno=b_3_59&otracker=nmenu_sub_Electronics_0_Mi&fm=organic&iid=b8fed574-e2ee-4e6c-b228-c779ff7dd6da.MOBFHZ4BYCMVJHVU.SEARCH&ppt=None&ppn=None&ssid=o3v562x2o00000001708240039210,4.3
35,"Redmi K20 (Flame Red, 128 GB)",https://www.flipkart.com/redmi-k20-flame-red-128-gb/p/itmfggkt9gaddvgc?pid=MOBFG7UY9ZXPSQGY&lid=LSTMOBFG7UY9ZXPSQGYHXEX0S&marketplace=FLIPKART&store=tyy%2F4io&srno=b_3_60&otracker=nmenu_sub_Electronics_0_Mi&fm=organic&iid=b8fed574-e2ee-4e6c-b228-c779ff7dd6da.MOBFG7UY9ZXPSQGY.SEARCH&ppt=None&ppn=None&ssid=o3v562x2o00000001708240039210,4.5
36,"10A (Black, 64 GB)",https://www.flipkart.com/10a-black-64-gb/p/itma86b238245d8a?pid=MOBGZXQ5ATBHASRJ&lid=LSTMOBGZXQ5ATBHASRJZJGPFA&marketplace=FLIPKART&store=tyy%2F4io&srno=b_3_61&otracker=nmenu_sub_Electronics_0_Mi&fm=organic&iid=b8fed574-e2ee-4e6c-b228-c779ff7dd6da.MOBGZXQ5ATBHASRJ.SEARCH&ppt=None&ppn=None&ssid=o3v562x2o00000001708240039210,3.8
37,"Redmi 6A (Gold, 16 GB)",https://www.flipkart.com/redmi-6a-gold-16-gb/p/itmdf93c982df80f?pid=MOBF9HGZGZBBA8RX&lid=LSTMOBF9HGZGZBBA8RXMJ6FR8&marketplace=FLIPKART&store=tyy%2F4io&srno=b_3_62&otracker=nmenu_sub_Electronics_0_Mi&fm=organic&iid=b8fed574-e2ee-4e6c-b228-c779ff7dd6da.MOBF9HGZGZBBA8RX.SEARCH&ppt=None&ppn=None&ssid=o3v562x2o00000001708240039210,4.3
38,"Redmi Note 6 Pro (Blue, 64 GB)",https://www.flipkart.com/redmi-note-6-pro-blue-64-gb/p/itmf93aa56274a88?pid=MOBFAJB4RSWTEYJJ&lid=LSTMOBFAJB4RSWTEYJJAQH1Q9&marketplace=FLIPKART&store=tyy%2F4io&srno=b_3_63&otracker=nmenu_sub_Electronics_0_Mi&fm=organic&iid=b8fed574-e2ee-4e6c-b228-c779ff7dd6da.MOBFAJB4RSWTEYJJ.SEARCH&ppt=None&ppn=None&ssid=o3v562x2o00000001708240039210,4.5
39,"REDMI Note 11T 5G (Matte black, 128 GB)",https://www.flipkart.com/redmi-note-11t-5g-matte-black-128-gb/p/itm0dd08e65983e7?pid=MOBGHDXFRNVKNRTU&lid=LSTMOBGHDXFRNVKNRTU41LWIH&marketplace=FLIPKART&store=tyy%2F4io&srno=b_3_64&otracker=nmenu_sub_Electronics_0_Mi&fm=organic&iid=b8fed574-e2ee-4e6c-b228-c779ff7dd6da.MOBGHDXFRNVKNRTU.SEARCH&ppt=None&ppn=None&ssid=o3v562x2o00000001708240039210,4.2
40,"REDMI Note 11T 5G (Aquamarine Blue, 64 GB)",https://www.flipkart.com/redmi-note-11t-5g-aquamarine-blue-64-gb/p/itm0dd08e65983e7?pid=MOBGHDXFAMCYRURE&lid=LSTMOBGHDXFAMCYRUREZGDAEU&marketplace=FLIPKART&store=tyy%2F4io&srno=b_3_65&otracker=nmenu_sub_Electronics_0_Mi&fm=organic&iid=b8fed574-e2ee-4e6c-b228-c779ff7dd6da.MOBGHDXFAMCYRURE.SEARCH&ppt=None&ppn=None&ssid=o3v562x2o00000001708240039210,4.2
41,"REDMI Note 11T 5G (Stardust White, 128 GB)",https://www.flipkart.com/redmi-note-11t-5g-stardust-white-128-gb/p/itm0dd08e65983e7?pid=MOBGHDXFRVUWG55U&lid=LSTMOBGHDXFRVUWG55UW6FCHX&marketplace=FLIPKART&store=tyy%2F4io&srno=b_3_66&otracker=nmenu_sub_Electronics_0_Mi&fm=organic&iid=b8fed574-e2ee-4e6c-b228-c779ff7dd6da.MOBGHDXFRVUWG55U.SEARCH&ppt=None&ppn=None&ssid=o3v562x2o00000001708240039210,4.2
42,"REDMI Note 11T 5G (Matte black, 64 GB)",https://www.flipkart.com/redmi-note-11t-5g-matte-black-64-gb/p/itm0dd08e65983e7?pid=MOBG9G53BDH4GH4H&lid=LSTMOBG9G53BDH4GH4H5RW32K&marketplace=FLIPKART&store=tyy%2F4io&srno=b_3_67&otracker=nmenu_sub_Electronics_0_Mi&fm=organic&iid=b8fed574-e2ee-4e6c-b228-c779ff7dd6da.MOBG9G53BDH4GH4H.SEARCH&ppt=None&ppn=None&ssid=o3v562x2o00000001708240039210,4.2
43,"Mi 11X (Cosmic Black, 128 GB)",https://www.flipkart.com/mi-11x-cosmic-black-128-gb/p/itm005c4d8bec540?pid=MOBG36HS3TH4YR3G&lid=LSTMOBG36HS3TH4YR3G7QOO9J&marketplace=FLIPKART&store=tyy%2F4io&srno=b_3_68&otracker=nmenu_sub_Electronics_0_Mi&fm=organic&iid=b8fed574-e2ee-4e6c-b228-c779ff7dd6da.MOBG36HS3TH4YR3G.SEARCH&ppt=None&ppn=None&ssid=o3v562x2o00000001708240039210,4.2
44,"Mi 10T (Lunar Silver, 128 GB)",https://www.flipkart.com/mi-10t-lunar-silver-128-gb/p/itmfda83f4425f80?pid=MOBFWAFZQUEQYPFG&lid=LSTMOBFWAFZQUEQYPFGSPEFA7&marketplace=FLIPKART&store=tyy%2F4io&srno=b_3_69&otracker=nmenu_sub_Electronics_0_Mi&fm=organic&iid=b8fed574-e2ee-4e6c-b228-c779ff7dd6da.MOBFWAFZQUEQYPFG.SEARCH&ppt=None&ppn=None&ssid=o3v562x2o00000001708240039210,4.2
45,"REDMI Note 10 lite (Glacier White, 64 GB)",https://www.flipkart.com/redmi-note-10-lite-glacier-white-64-gb/p/itmde31f59064927?pid=MOBG82FC32JGH2GT&lid=LSTMOBG82FC32JGH2GTJSO2VK&marketplace=FLIPKART&store=tyy%2F4io&srno=b_3_70&otracker=nmenu_sub_Electronics_0_Mi&fm=organic&iid=b8fed574-e2ee-4e6c-b228-c779ff7dd6da.MOBG82FC32JGH2GT.SEARCH&ppt=None&ppn=None&ssid=o3v562x2o00000001708240039210,4.2
46,"Xiaomi 11Lite NE (Jazz Blue, 128 GB)",https://www.flipkart.com/xiaomi-11lite-ne-jazz-blue-128-gb/p/itme80f8cab932f2?pid=MOBG7F6CTXH78NG6&lid=LSTMOBG7F6CTXH78NG6QRT1UX&marketplace=FLIPKART&store=tyy%2F4io&srno=b_3_71&otracker=nmenu_sub_Electronics_0_Mi&fm=organic&iid=b8fed574-e2ee-4e6c-b228-c779ff7dd6da.MOBG7F6CTXH78NG6.SEARCH&ppt=None&ppn=None&ssid=o3v562x2o00000001708240039210,4.2
47,"Xiaomi 11Lite NE (Diamond Dazzle, 128 GB)",https://www.flipkart.com/xiaomi-11lite-ne-diamond-dazzle-128-gb/p/itme80f8cab932f2?pid=MOBG7F6D3AZ9HZ4Z&lid=LSTMOBG7F6D3AZ9HZ4Z7IEYDD&marketplace=FLIPKART&store=tyy%2F4io&srno=b_3_72&otracker=nmenu_sub_Electronics_0_Mi&fm=organic&iid=b8fed574-e2ee-4e6c-b228-c779ff7dd6da.MOBG7F6D3AZ9HZ4Z.SEARCH&ppt=None&ppn=None&ssid=o3v562x2o00000001708240039210,4.2
48,"Redmi Note 9 Pro (Glacier White, 64 GB)",https://www.flipkart.com/redmi-note-9-pro-glacier-white-64-gb/p/itma84d60532d415?pid=MOBFPZXU9QDDSKNU&lid=LSTMOBFPZXU9QDDSKNUEQLCOR&marketplace=FLIPKART&store=tyy%2F4io&srno=b_4_73&otracker=nmenu_sub_Electronics_0_Mi&fm=organic&iid=82799b90-a202-421d-bf79-daf61811e28a.MOBFPZXU9QDDSKNU.SEARCH&ppt=None&ppn=None&ssid=jirg8jh6k00000001708240040500,4.3
49,"Redmi Note 7 (Onyx Black, 64 GB)",https://www.flipkart.com/redmi-note-7-onyx-black-64-gb/p/itme61694ad69e1a?pid=MOBFDXZ39EGFJDFJ&lid=LSTMOBFDXZ39EGFJDFJT48TL0&marketplace=FLIPKART&store=tyy%2F4io&srno=b_4_74&otracker=nmenu_sub_Electronics_0_Mi&fm=organic&iid=82799b90-a202-421d-bf79-daf61811e28a.MOBFDXZ39EGFJDFJ.SEARCH&ppt=None&ppn=None&ssid=jirg8jh6k00000001708240040500,4.5
50,"Redmi Note 9 Pro (Aurora Blue, 128 GB)",https://www.flipkart.com/redmi-note-9-pro-aurora-blue-128-gb/p/itma84d60532d415?pid=MOBFPZXUYDHUHNNN&lid=LSTMOBFPZXUYDHUHNNNEDNA6R&marketplace=FLIPKART&store=tyy%2F4io&srno=b_4_75&otracker=nmenu_sub_Electronics_0_Mi&fm=organic&iid=82799b90-a202-421d-bf79-daf61811e28a.MOBFPZXUYDHUHNNN.SEARCH&ppt=None&ppn=None&ssid=jirg8jh6k00000001708240040500,4.3
51,"Xiaomi 11Lite NE (Jazz Blue, 128 GB)",https://www.flipkart.com/xiaomi-11lite-ne-jazz-blue-128-gb/p/itme80f8cab932f2?pid=MOBG7F6CTXH78NG6&lid=LSTMOBG7F6CTXH78NG6QRT1UX&marketplace=FLIPKART&store=tyy%2F4io&srno=b_4_76&otracker=nmenu_sub_Electronics_0_Mi&fm=organic&iid=82799b90-a202-421d-bf79-daf61811e28a.MOBG7F6CTXH78NG6.SEARCH&ppt=None&ppn=None&ssid=jirg8jh6k00000001708240040500,4.2
52,"Redmi 7A (Matte Black, 16 GB)",https://www.flipkart.com/redmi-7a-matte-black-16-gb/p/itm2b51b69baee04?pid=MOBFHZ4B6X8WPSRK&lid=LSTMOBFHZ4B6X8WPSRKGS79LL&marketplace=FLIPKART&store=tyy%2F4io&srno=b_4_77&otracker=nmenu_sub_Electronics_0_Mi&fm=organic&iid=82799b90-a202-421d-bf79-daf61811e28a.MOBFHZ4B6X8WPSRK.SEARCH&ppt=None&ppn=None&ssid=jirg8jh6k00000001708240040500,4.3
53,"Xiaomi 11Lite NE (Diamond Dazzle, 128 GB)",https://www.flipkart.com/xiaomi-11lite-ne-diamond-dazzle-128-gb/p/itme80f8cab932f2?pid=MOBG7F6D3AZ9HZ4Z&lid=LSTMOBG7F6D3AZ9HZ4Z7IEYDD&marketplace=FLIPKART&store=tyy%2F4io&srno=b_4_78&otracker=nmenu_sub_Electronics_0_Mi&fm=organic&iid=82799b90-a202-421d-bf79-daf61811e28a.MOBG7F6D3AZ9HZ4Z.SEARCH&ppt=None&ppn=None&ssid=jirg8jh6k00000001708240040500,4.2
54,"Redmi Y2 (Gold, 64 GB)",https://www.flipkart.com/redmi-y2-gold-64-gb/p/itmfdkcmzchdrf3m?pid=MOBF7Y2DKUBEDUWH&lid=LSTMOBF7Y2DKUBEDUWHRAZ259&marketplace=FLIPKART&store=tyy%2F4io&srno=b_4_79&otracker=nmenu_sub_Electronics_0_Mi&fm=organic&iid=82799b90-a202-421d-bf79-daf61811e28a.MOBF7Y2DKUBEDUWH.SEARCH&ppt=None&ppn=None&ssid=jirg8jh6k00000001708240040500,4.4
55,"Xiaomi 11Lite NE (Tuscany Coral, 128 GB)",https://www.flipkart.com/xiaomi-11lite-ne-tuscany-coral-128-gb/p/itme80f8cab932f2?pid=MOBG7F6D5XHQY5YT&lid=LSTMOBG7F6D5XHQY5YTYROLXA&marketplace=FLIPKART&store=tyy%2F4io&srno=b_4_80&otracker=nmenu_sub_Electronics_0_Mi&fm=organic&iid=82799b90-a202-421d-bf79-daf61811e28a.MOBG7F6D5XHQY5YT.SEARCH&ppt=None&ppn=None&ssid=jirg8jh6k00000001708240040500,4.2
56,"Xiaomi 11Lite NE (Tuscany Coral, 128 GB)",https://www.flipkart.com/xiaomi-11lite-ne-tuscany-coral-128-gb/p/itme80f8cab932f2?pid=MOBG7F6D92NCXQYT&lid=LSTMOBG7F6D92NCXQYTHJIRJN&marketplace=FLIPKART&store=tyy%2F4io&srno=b_4_81&otracker=nmenu_sub_Electronics_0_Mi&fm=organic&iid=82799b90-a202-421d-bf79-daf61811e28a.MOBG7F6D92NCXQYT.SEARCH&ppt=None&ppn=None&ssid=jirg8jh6k00000001708240040500,4.2
57,"Redmi Note 9 Pro (Glacier White, 128 GB)",https://www.flipkart.com/redmi-note-9-pro-glacier-white-128-gb/p/itma84d60532d415?pid=MOBFUSGFZDDJHWMG&lid=LSTMOBFUSGFZDDJHWMGBMBNSH&marketplace=FLIPKART&store=tyy%2F4io&srno=b_4_82&otracker=nmenu_sub_Electronics_0_Mi&fm=organic&iid=82799b90-a202-421d-bf79-daf61811e28a.MOBFUSGFZDDJHWMG.SEARCH&ppt=None&ppn=None&ssid=jirg8jh6k00000001708240040500,4.3
58,"Redmi Note 9 Pro (Champagne Gold, 64 GB)",https://www.flipkart.com/redmi-note-9-pro-champagne-gold-64-gb/p/itma84d60532d415?pid=MOBFVSQPKVB8QQJ6&lid=LSTMOBFVSQPKVB8QQJ61MUQXI&marketplace=FLIPKART&store=tyy%2F4io&srno=b_4_83&otracker=nmenu_sub_Electronics_0_Mi&fm=organic&iid=82799b90-a202-421d-bf79-daf61811e28a.MOBFVSQPKVB8QQJ6.SEARCH&ppt=None&ppn=None&ssid=jirg8jh6k00000001708240040500,4.3
59,"Mi 11X (Celestial Silver, 128 GB)",https://www.flipkart.com/mi-11x-celestial-silver-128-gb/p/itmabc334b32f605?pid=MOBG36HSCATHM2Y8&lid=LSTMOBG36HSCATHM2Y8RILYWG&marketplace=FLIPKART&store=tyy%2F4io&srno=b_4_84&otracker=nmenu_sub_Electronics_0_Mi&fm=organic&iid=82799b90-a202-421d-bf79-daf61811e28a.MOBG36HSCATHM2Y8.SEARCH&ppt=None&ppn=None&ssid=jirg8jh6k00000001708240040500,4.2
60,"Redmi 9 (Sporty Orange, 64 GB)",https://www.flipkart.com/redmi-9-sporty-orange-64-gb/p/itm4fb151383983b?pid=MOBFV5FPCJC9ZKRB&lid=LSTMOBFV5FPCJC9ZKRBZ2IDQ8&marketplace=FLIPKART&store=tyy%2F4io&srno=b_4_85&otracker=nmenu_sub_Electronics_0_Mi&fm=organic&iid=82799b90-a202-421d-bf79-daf61811e28a.MOBFV5FPCJC9ZKRB.SEARCH&ppt=None&ppn=None&ssid=jirg8jh6k00000001708240040500,4.3
61,"Redmi Note 9 Pro (Champagne Gold, 128 GB)",https://www.flipkart.com/redmi-note-9-pro-champagne-gold-128-gb/p/itma84d60532d415?pid=MOBFVNYYZZ6AJT44&lid=LSTMOBFVNYYZZ6AJT44QCVMS6&marketplace=FLIPKART&store=tyy%2F4io&srno=b_4_86&otracker=nmenu_sub_Electronics_0_Mi&fm=organic&iid=82799b90-a202-421d-bf79-daf61811e28a.MOBFVNYYZZ6AJT44.SEARCH&ppt=None&ppn=None&ssid=jirg8jh6k00000001708240040500,4.3
62,"Mi 11X (Celestial Silver, 128 GB)",https://www.flipkart.com/mi-11x-celestial-silver-128-gb/p/itmabc334b32f605?pid=MOBG36HS35CRRBHF&lid=LSTMOBG36HS35CRRBHFCW477U&marketplace=FLIPKART&store=tyy%2F4io&srno=b_4_87&otracker=nmenu_sub_Electronics_0_Mi&fm=organic&iid=82799b90-a202-421d-bf79-daf61811e28a.MOBG36HS35CRRBHF.SEARCH&ppt=None&ppn=None&ssid=jirg8jh6k00000001708240040500,4.2
63,"Redmi 6 (Black, 64 GB)",https://www.flipkart.com/redmi-6-black-64-gb/p/itmfa94eqhsxwhyn?pid=MOBFA2NXDQFTXNHJ&lid=LSTMOBFA2NXDQFTXNHJTM5BCR&marketplace=FLIPKART&store=tyy%2F4io&srno=b_4_88&otracker=nmenu_sub_Electronics_0_Mi&fm=organic&iid=82799b90-a202-421d-bf79-daf61811e28a.MOBFA2NXDQFTXNHJ.SEARCH&ppt=None&ppn=None&ssid=jirg8jh6k00000001708240040500,4.4
64,"REDMI 10A (CHARCOAL BLACK, 128 GB)",https://www.flipkart.com/redmi-10a-charcoal-black-128-gb/p/itm755830dd54ae1?pid=MOBGHXQYJCSWSZD8&lid=LSTMOBGHXQYJCSWSZD8ETLSSV&marketplace=FLIPKART&store=tyy%2F4io&srno=b_4_89&otracker=nmenu_sub_Electronics_0_Mi&fm=organic&iid=82799b90-a202-421d-bf79-daf61811e28a.MOBGHXQYJCSWSZD8.SEARCH&ppt=None&ppn=None&ssid=jirg8jh6k00000001708240040500,4.1
65,"Redmi Note 9 Pro (Aurora Blue, 128 GB)",https://www.flipkart.com/redmi-note-9-pro-aurora-blue-128-gb/p/itma84d60532d415?pid=MOBFUUN6B5XSFYXT&lid=LSTMOBFUUN6B5XSFYXTFIZ2VA&marketplace=FLIPKART&store=tyy%2F4io&srno=b_4_90&otracker=nmenu_sub_Electronics_0_Mi&fm=organic&iid=82799b90-a202-421d-bf79-daf61811e28a.MOBFUUN6B5XSFYXT.SEARCH&ppt=None&ppn=None&ssid=jirg8jh6k00000001708240040500,4.3
66,"Redmi 8A (Sunset Red, 32 GB)",https://www.flipkart.com/redmi-8a-sunset-red-32-gb/p/itma527197debcca?pid=MOBFKF987VGBEP4X&lid=LSTMOBFKF987VGBEP4XVHGIMO&marketplace=FLIPKART&store=tyy%2F4io&srno=b_4_91&otracker=nmenu_sub_Electronics_0_Mi&fm=organic&iid=82799b90-a202-421d-bf79-daf61811e28a.MOBFKF987VGBEP4X.SEARCH&ppt=None&ppn=None&ssid=jirg8jh6k00000001708240040500,4.4
67,"Mi 11X (Lunar White, 128 GB)",https://www.flipkart.com/mi-11x-lunar-white-128-gb/p/itmabc334b32f605?pid=MOBG36HS9EMQYJEW&lid=LSTMOBG36HS9EMQYJEWJJWFF8&marketplace=FLIPKART&store=tyy%2F4io&srno=b_4_92&otracker=nmenu_sub_Electronics_0_Mi&fm=organic&iid=82799b90-a202-421d-bf79-daf61811e28a.MOBG36HS9EMQYJEW.SEARCH&ppt=None&ppn=None&ssid=jirg8jh6k00000001708240040500,4.2
68,"Mi 10i (Pacific Sunrise, 128 GB)",https://www.flipkart.com/mi-10i-pacific-sunrise-128-gb/p/itmdb25c19125070?pid=MOBFZ4RZSW5XRHPK&lid=LSTMOBFZ4RZSW5XRHPK4KVT7J&marketplace=FLIPKART&store=tyy%2F4io&srno=b_4_93&otracker=nmenu_sub_Electronics_0_Mi&fm=organic&iid=82799b90-a202-421d-bf79-daf61811e28a.MOBFZ4RZSW5XRHPK.SEARCH&ppt=None&ppn=None&ssid=jirg8jh6k00000001708240040500,4.3
69,"Xiaomi 11Lite NE (Jazz Blue, 128 GB)",https://www.flipkart.com/xiaomi-11lite-ne-jazz-blue-128-gb/p/itme80f8cab932f2?pid=MOBG7F6CVZ77CEEC&lid=LSTMOBG7F6CVZ77CEECQOKYVF&marketplace=FLIPKART&store=tyy%2F4io&srno=b_4_94&otracker=nmenu_sub_Electronics_0_Mi&fm=organic&iid=82799b90-a202-421d-bf79-daf61811e28a.MOBG7F6CVZ77CEEC.SEARCH&ppt=None&ppn=None&ssid=jirg8jh6k00000001708240040500,4.2
70,"Mi 10i (Midnight Black, 128 GB)",https://www.flipkart.com/mi-10i-midnight-black-128-gb/p/itm780df69dfa0fe?pid=MOBFZ4RUR4CSZ6AE&lid=LSTMOBFZ4RUR4CSZ6AEYAFIXO&marketplace=FLIPKART&store=tyy%2F4io&srno=b_4_95&otracker=nmenu_sub_Electronics_0_Mi&fm=organic&iid=82799b90-a202-421d-bf79-daf61811e28a.MOBFZ4RUR4CSZ6AE.SEARCH&ppt=None&ppn=None&ssid=jirg8jh6k00000001708240040500,4.3
71,"Mi 10i (Midnight Black, 128 GB)",https://www.flipkart.com/mi-10i-midnight-black-128-gb/p/itm780df69dfa0fe?pid=MOBFZ4RUZH3GPEGE&lid=LSTMOBFZ4RUZH3GPEGEU2MF5D&marketplace=FLIPKART&store=tyy%2F4io&srno=b_4_96&otracker=nmenu_sub_Electronics_0_Mi&fm=organic&iid=82799b90-a202-421d-bf79-daf61811e28a.MOBFZ4RUZH3GPEGE.SEARCH&ppt=None&ppn=None&ssid=jirg8jh6k00000001708240040500,4.3
72,"Mi 10i (Atlantic Blue, 128 GB)",https://www.flipkart.com/mi-10i-atlantic-blue-128-gb/p/itm780df69dfa0fe?pid=MOBFZ4RNZMVZDZVH&lid=LSTMOBFZ4RNZMVZDZVH6FGVJL&marketplace=FLIPKART&store=tyy%2F4io&srno=b_5_97&otracker=nmenu_sub_Electronics_0_Mi&fm=organic&iid=7a1d382d-a6e4-4bc2-995c-f94828d5515e.MOBFZ4RNZMVZDZVH.SEARCH&ppt=None&ppn=None&ssid=j14jx28n9c0000001708240041664,4.3
73,"Redmi 9 (Sky Blue, 128 GB)",https://www.flipkart.com/redmi-9-sky-blue-128-gb/p/itm4fb151383983b?pid=MOBFV5FPGQPG9CEZ&lid=LSTMOBFV5FPGQPG9CEZIABPKH&marketplace=FLIPKART&store=tyy%2F4io&srno=b_5_98&otracker=nmenu_sub_Electronics_0_Mi&fm=organic&iid=7a1d382d-a6e4-4bc2-995c-f94828d5515e.MOBFV5FPGQPG9CEZ.SEARCH&ppt=None&ppn=None&ssid=j14jx28n9c0000001708240041664,4.3
74,"Mi A2 (Blue/Lake Blue, 64 GB)",https://www.flipkart.com/mi-a2-blue-lake-blue-64-gb/p/itmfghsguagevshj?pid=MOBF95FKRKATKAK2&lid=LSTMOBF95FKRKATKAK2KV6WZE&marketplace=FLIPKART&store=tyy%2F4io&srno=b_5_99&otracker=nmenu_sub_Electronics_0_Mi&fm=organic&iid=7a1d382d-a6e4-4bc2-995c-f94828d5515e.MOBF95FKRKATKAK2.SEARCH&ppt=None&ppn=None&ssid=j14jx28n9c0000001708240041664,4.2
75,"Mi 11X (Lunar White, 128 GB)",https://www.flipkart.com/mi-11x-lunar-white-128-gb/p/itmabc334b32f605?pid=MOBG36HSY24GH7GD&lid=LSTMOBG36HSY24GH7GDKM83PH&marketplace=FLIPKART&store=tyy%2F4io&srno=b_5_100&otracker=nmenu_sub_Electronics_0_Mi&fm=organic&iid=7a1d382d-a6e4-4bc2-995c-f94828d5515e.MOBG36HSY24GH7GD.SEARCH&ppt=None&ppn=None&ssid=j14jx28n9c0000001708240041664,4.2
76,"Mi 10i (Pacific Sunrise, 128 GB)",https://www.flipkart.com/mi-10i-pacific-sunrise-128-gb/p/itm780df69dfa0fe?pid=MOBFZ4RZMYQKZYGZ&lid=LSTMOBFZ4RZMYQKZYGZEKNOC8&marketplace=FLIPKART&store=tyy%2F4io&srno=b_5_101&otracker=nmenu_sub_Electronics_0_Mi&fm=organic&iid=7a1d382d-a6e4-4bc2-995c-f94828d5515e.MOBFZ4RZMYQKZYGZ.SEARCH&ppt=None&ppn=None&ssid=j14jx28n9c0000001708240041664,4.3
77,"Xiaomi 11T Pro 5G Hyperphone (Meteorite Black, 128 GB)",https://www.flipkart.com/xiaomi-11t-pro-5g-hyperphone-meteorite-black-128-gb/p/itm7124fdf6f4b04?pid=MOBGAYGFRT2AUFAK&lid=LSTMOBGAYGFRT2AUFAKVII3SI&marketplace=FLIPKART&store=tyy%2F4io&srno=b_5_102&otracker=nmenu_sub_Electronics_0_Mi&fm=organic&iid=7a1d382d-a6e4-4bc2-995c-f94828d5515e.MOBGAYGFRT2AUFAK.SEARCH&ppt=None&ppn=None&ssid=j14jx28n9c0000001708240041664,4
78,"Xiaomi 11T Pro 5G Hyperphone (Meteorite Black, 256 GB)",https://www.flipkart.com/xiaomi-11t-pro-5g-hyperphone-meteorite-black-256-gb/p/itm7124fdf6f4b04?pid=MOBGAYHYNQR3DANH&lid=LSTMOBGAYHYNQR3DANHURVGUY&marketplace=FLIPKART&store=tyy%2F4io&srno=b_5_103&otracker=nmenu_sub_Electronics_0_Mi&fm=organic&iid=7a1d382d-a6e4-4bc2-995c-f94828d5515e.MOBGAYHYNQR3DANH.SEARCH&ppt=None&ppn=None&ssid=j14jx28n9c0000001708240041664,4
79,"Redmi 9A (SeaBlue, 32 GB)",https://www.flipkart.com/redmi-9a-seablue-32-gb/p/itmeabd39a0cd669?pid=MOBFVD9ZGTYR2WGR&lid=LSTMOBFVD9ZGTYR2WGRV8UJGS&marketplace=FLIPKART&store=tyy%2F4io&srno=b_5_104&otracker=nmenu_sub_Electronics_0_Mi&fm=organic&iid=7a1d382d-a6e4-4bc2-995c-f94828d5515e.MOBFVD9ZGTYR2WGR.SEARCH&ppt=None&ppn=None&ssid=j14jx28n9c0000001708240041664,4.2
80,"Redmi 5A (Rose Gold, 16 GB)",https://www.flipkart.com/redmi-5a-rose-gold-16-gb/p/itmf2fwcumw7ghwy?pid=MOBEZWXEBUXGXHA7&lid=LSTMOBEZWXEBUXGXHA7L2RK0L&marketplace=FLIPKART&store=tyy%2F4io&spotlightTagId=TrendingId_tyy%2F4io&srno=b_5_105&otracker=nmenu_sub_Electronics_0_Mi&fm=organic&iid=7a1d382d-a6e4-4bc2-995c-f94828d5515e.MOBEZWXEBUXGXHA7.SEARCH&ppt=None&ppn=None&ssid=j14jx28n9c0000001708240041664,4.5
81,"Xiaomi 11i 5G (Pacific Pearl, 128 GB)",https://www.flipkart.com/xiaomi-11i-5g-pacific-pearl-128-gb/p/itmb3d0ee43f7150?pid=MOBG9QXPV7WAJBXB&lid=LSTMOBG9QXPV7WAJBXBED0GZW&marketplace=FLIPKART&store=tyy%2F4io&srno=b_5_106&otracker=nmenu_sub_Electronics_0_Mi&fm=organic&iid=7a1d382d-a6e4-4bc2-995c-f94828d5515e.MOBG9QXPV7WAJBXB.SEARCH&ppt=None&ppn=None&ssid=j14jx28n9c0000001708240041664,4.2
82,"Xiaomi 11T Pro 5G Hyperphone (Celestial Magic, 128 GB)",https://www.flipkart.com/xiaomi-11t-pro-5g-hyperphone-celestial-magic-128-gb/p/itm7124fdf6f4b04?pid=MOBGAU545V4QSFFP&lid=LSTMOBGAU545V4QSFFP6A8HDI&marketplace=FLIPKART&store=tyy%2F4io&srno=b_5_107&otracker=nmenu_sub_Electronics_0_Mi&fm=organic&iid=7a1d382d-a6e4-4bc2-995c-f94828d5515e.MOBGAU545V4QSFFP.SEARCH&ppt=None&ppn=None&ssid=j14jx28n9c0000001708240041664,4
83,"Redmi 5A (Gold, 32 GB)",https://www.flipkart.com/redmi-5a-gold-32-gb/p/itmf2fwcumw7ghwy?pid=MOBEZWXEGZQPBFXH&lid=LSTMOBEZWXEGZQPBFXHNOLOHP&marketplace=FLIPKART&store=tyy%2F4io&srno=b_5_108&otracker=nmenu_sub_Electronics_0_Mi&fm=organic&iid=7a1d382d-a6e4-4bc2-995c-f94828d5515e.MOBEZWXEGZQPBFXH.SEARCH&ppt=None&ppn=None&ssid=j14jx28n9c0000001708240041664,4.4
84,"REDMI Note 11T 5G (Stardust White, 64 GB)",https://www.flipkart.com/redmi-note-11t-5g-stardust-white-64-gb/p/itm0dd08e65983e7?pid=MOBG9G59GCZH5N2Y&lid=LSTMOBG9G59GCZH5N2YIUISXV&marketplace=FLIPKART&store=tyy%2F4io&srno=b_5_109&otracker=nmenu_sub_Electronics_0_Mi&fm=organic&iid=7a1d382d-a6e4-4bc2-995c-f94828d5515e.MOBG9G59GCZH5N2Y.SEARCH&ppt=None&ppn=None&ssid=j14jx28n9c0000001708240041664,4.2
85,"Redmi 5A (Rose Gold, 32 GB)",https://www.flipkart.com/redmi-5a-rose-gold-32-gb/p/itmf2fwcumw7ghwy?pid=MOBEZWXE8NSAZ73T&lid=LSTMOBEZWXE8NSAZ73TZTQA9N&marketplace=FLIPKART&store=tyy%2F4io&srno=b_5_110&otracker=nmenu_sub_Electronics_0_Mi&fm=organic&iid=7a1d382d-a6e4-4bc2-995c-f94828d5515e.MOBEZWXE8NSAZ73T.SEARCH&ppt=None&ppn=None&ssid=j14jx28n9c0000001708240041664,4.4
86,"Redmi 5A (Grey, 32 GB)",https://www.flipkart.com/redmi-5a-grey-32-gb/p/itmf2fwcumw7ghwy?pid=MOBEZWXEYHCFFPHD&lid=LSTMOBEZWXEYHCFFPHDUS3JN7&marketplace=FLIPKART&store=tyy%2F4io&srno=b_5_111&otracker=nmenu_sub_Electronics_0_Mi&fm=organic&iid=7a1d382d-a6e4-4bc2-995c-f94828d5515e.MOBEZWXEYHCFFPHD.SEARCH&ppt=None&ppn=None&ssid=j14jx28n9c0000001708240041664,4.4
87,"Xiaomi 11i Hypercharge 5G (Purple Mist, 128 GB)",https://www.flipkart.com/xiaomi-11i-hypercharge-5g-purple-mist-128-gb/p/itm40cdac3d36676?pid=MOBG9QWVFHFSWPTH&lid=LSTMOBG9QWVFHFSWPTHET4YKL&marketplace=FLIPKART&store=tyy%2F4io&srno=b_5_112&otracker=nmenu_sub_Electronics_0_Mi&fm=organic&iid=7a1d382d-a6e4-4bc2-995c-f94828d5515e.MOBG9QWVFHFSWPTH.SEARCH&ppt=None&ppn=None&ssid=j14jx28n9c0000001708240041664,4.2
88,"Redmi 5A (Gold, 16 GB)",https://www.flipkart.com/redmi-5a-gold-16-gb/p/itmf2fwcumw7ghwy?pid=MOBEZWXENJA6PKFM&lid=LSTMOBEZWXENJA6PKFMRA0K3C&marketplace=FLIPKART&store=tyy%2F4io&srno=b_5_113&otracker=nmenu_sub_Electronics_0_Mi&fm=organic&iid=7a1d382d-a6e4-4bc2-995c-f94828d5515e.MOBEZWXENJA6PKFM.SEARCH&ppt=None&ppn=None&ssid=j14jx28n9c0000001708240041664,4.5
89,"Redmi 5A (Blue, 32 GB)",https://www.flipkart.com/redmi-5a-blue-32-gb/p/itmf2fwcumw7ghwy?pid=MOBF34BKSDBMFKWG&lid=LSTMOBF34BKSDBMFKWGSHDEKV&marketplace=FLIPKART&store=tyy%2F4io&srno=b_5_114&otracker=nmenu_sub_Electronics_0_Mi&fm=organic&iid=7a1d382d-a6e4-4bc2-995c-f94828d5515e.MOBF34BKSDBMFKWG.SEARCH&ppt=None&ppn=None&ssid=j14jx28n9c0000001708240041664,4.4
90,"Redmi 6 (Gold, 64 GB)",https://www.flipkart.com/redmi-6-gold-64-gb/p/itmfa94ek8ujmm5z?pid=MOBF8F4BNUY8HGVX&lid=LSTMOBF8F4BNUY8HGVXRBCUBL&marketplace=FLIPKART&store=tyy%2F4io&srno=b_5_115&otracker=nmenu_sub_Electronics_0_Mi&fm=organic&iid=7a1d382d-a6e4-4bc2-995c-f94828d5515e.MOBF8F4BNUY8HGVX.SEARCH&ppt=None&ppn=None&ssid=j14jx28n9c0000001708240041664,4.4
91,"Redmi 6A (Grey, 32 GB)",https://www.flipkart.com/redmi-6a-grey-32-gb/p/itmdcca52446c272?pid=MOBGPGV6REMEDFYV&lid=LSTMOBGPGV6REMEDFYV0EAPRW&marketplace=FLIPKART&store=tyy%2F4io&srno=b_5_116&otracker=nmenu_sub_Electronics_0_Mi&fm=organic&iid=7a1d382d-a6e4-4bc2-995c-f94828d5515e.MOBGPGV6REMEDFYV.SEARCH&ppt=None&ppn=None&ssid=j14jx28n9c0000001708240041664,2.7
92,"Redmi Note 7 (Sapphire Blue, 64 GB)",https://www.flipkart.com/redmi-note-7-sapphire-blue-64-gb/p/itme61694ad69e1a?pid=MOBFDXZ3HJJZH3GG&lid=LSTMOBFDXZ3HJJZH3GGMHSE0B&marketplace=FLIPKART&store=tyy%2F4io&srno=b_5_117&otracker=nmenu_sub_Electronics_0_Mi&fm=organic&iid=7a1d382d-a6e4-4bc2-995c-f94828d5515e.MOBFDXZ3HJJZH3GG.SEARCH&ppt=None&ppn=None&ssid=j14jx28n9c0000001708240041664,4.5
93,"Redmi 6A (Black, 32 GB)",https://www.flipkart.com/redmi-6a-black-32-gb/p/itmd152fd080314c?pid=MOBFAMZF2GJSXFMZ&lid=LSTMOBFAMZF2GJSXFMZLKIFXM&marketplace=FLIPKART&store=tyy%2F4io&srno=b_5_118&otracker=nmenu_sub_Electronics_0_Mi&fm=organic&iid=7a1d382d-a6e4-4bc2-995c-f94828d5515e.MOBFAMZF2GJSXFMZ.SEARCH&ppt=None&ppn=None&ssid=j14jx28n9c0000001708240041664,4.3
94,"Redmi Note 7S (Moonlight White, 64 GB)",https://www.flipkart.com/redmi-note-7s-moonlight-white-64-gb/p/itm2fd6783550ddc?pid=MOBFJFZWDQGFGACH&lid=LSTMOBFJFZWDQGFGACHZXGWWP&marketplace=FLIPKART&store=tyy%2F4io&srno=b_5_119&otracker=nmenu_sub_Electronics_0_Mi&fm=organic&iid=7a1d382d-a6e4-4bc2-995c-f94828d5515e.MOBFJFZWDQGFGACH.SEARCH&ppt=None&ppn=None&ssid=j14jx28n9c0000001708240041664,4.4
95,"Redmi Note 9 Pro (Interstellar Black, 64 GB)",https://www.flipkart.com/redmi-note-9-pro-interstellar-black-64-gb/p/itma84d60532d415?pid=MOBFPZXUJHMYCBFK&lid=LSTMOBFPZXUJHMYCBFKGDLZ3E&marketplace=FLIPKART&store=tyy%2F4io&srno=b_5_120&otracker=nmenu_sub_Electronics_0_Mi&fm=organic&iid=7a1d382d-a6e4-4bc2-995c-f94828d5515e.MOBFPZXUJHMYCBFK.SEARCH&ppt=None&ppn=None&ssid=j14jx28n9c0000001708240041664,4.3
96,"12 (Silver, 128 GB)",https://www.flipkart.com/12-silver-128-gb/p/itm52eeb140d6985?pid=MOBGSEMZ6NMHGGCF&lid=LSTMOBGSEMZ6NMHGGCFCI8ZVZ&marketplace=FLIPKART&store=tyy%2F4io&srno=b_6_121&otracker=nmenu_sub_Electronics_0_Mi&fm=organic&iid=ff3fefc5-92be-40ee-b9bf-f5f0b4999002.MOBGSEMZ6NMHGGCF.SEARCH&ppt=None&ppn=None&ssid=e1y3bmu9kw0000001708240042778,4.7
97,"NOTE 12 5G (Black, 128 GB)",https://www.flipkart.com/note-12-5g-black-128-gb/p/itm9192e20ca8419?pid=MOBGSZQ4MQZDBGCV&lid=LSTMOBGSZQ4MQZDBGCVPUVCSD&marketplace=FLIPKART&store=tyy%2F4io&srno=b_6_122&otracker=nmenu_sub_Electronics_0_Mi&fm=organic&iid=ff3fefc5-92be-40ee-b9bf-f5f0b4999002.MOBGSZQ4MQZDBGCV.SEARCH&ppt=None&ppn=None&ssid=e1y3bmu9kw0000001708240042778,4.3
98,"Xiaomi 12 Pro 5G (Couture Blue, 256 GB)",https://www.flipkart.com/xiaomi-12-pro-5g-couture-blue-256-gb/p/itm81ed02fcf3968?pid=MOBGDZ895FVSKXZU&lid=LSTMOBGDZ895FVSKXZU1M1VVC&marketplace=FLIPKART&store=tyy%2F4io&srno=b_6_123&otracker=nmenu_sub_Electronics_0_Mi&fm=organic&iid=ff3fefc5-92be-40ee-b9bf-f5f0b4999002.MOBGDZ895FVSKXZU.SEARCH&ppt=None&ppn=None&ssid=e1y3bmu9kw0000001708240042778,4.2
99,"Mi 11X Pro 5G (Celestial Silver, 128 GB)",https://www.flipkart.com/mi-11x-pro-5g-celestial-silver-128-gb/p/itmca65d279a84c8?pid=MOBG36HS7XXMEQZM&lid=LSTMOBG36HS7XXMEQZMPNXNQJ&marketplace=FLIPKART&store=tyy%2F4io&srno=b_6_124&otracker=nmenu_sub_Electronics_0_Mi&fm=organic&iid=ff3fefc5-92be-40ee-b9bf-f5f0b4999002.MOBG36HS7XXMEQZM.SEARCH&ppt=None&ppn=None&ssid=e1y3bmu9kw0000001708240042778,4
100,"Redmi 6 (Rose Gold, 32 GB)",https://www.flipkart.com/redmi-6-rose-gold-32-gb/p/itmf9f64fpjkbdxp?pid=MOBF9F64HGNTYHDB&lid=LSTMOBF9F64HGNTYHDBGGNTPT&marketplace=FLIPKART&store=tyy%2F4io&srno=b_6_125&otracker=nmenu_sub_Electronics_0_Mi&fm=organic&iid=ff3fefc5-92be-40ee-b9bf-f5f0b4999002.MOBF9F64HGNTYHDB.SEARCH&ppt=None&ppn=None&ssid=e1y3bmu9kw0000001708240042778,4.4
101,"Mi 11 Lite (Tuscany Coral, 128 GB)",https://www.flipkart.com/mi-11-lite-tuscany-coral-128-gb/p/itmac6203bae9394?pid=MOBG3VSKPWYGVZEC&lid=LSTMOBG3VSKPWYGVZEC0WUVAS&marketplace=FLIPKART&store=tyy%2F4io&srno=b_6_126&otracker=nmenu_sub_Electronics_0_Mi&fm=organic&iid=ff3fefc5-92be-40ee-b9bf-f5f0b4999002.MOBG3VSKPWYGVZEC.SEARCH&ppt=None&ppn=None&ssid=e1y3bmu9kw0000001708240042778,4.2
102,"Mi 11X Pro 5G (Lunar White, 128 GB)",https://www.flipkart.com/mi-11x-pro-5g-lunar-white-128-gb/p/itmca65d279a84c8?pid=MOBG36HS6NCQUZRX&lid=LSTMOBG36HS6NCQUZRX0E31OA&marketplace=FLIPKART&store=tyy%2F4io&srno=b_6_127&otracker=nmenu_sub_Electronics_0_Mi&fm=organic&iid=ff3fefc5-92be-40ee-b9bf-f5f0b4999002.MOBG36HS6NCQUZRX.SEARCH&ppt=None&ppn=None&ssid=e1y3bmu9kw0000001708240042778,4
103,"Redmi 10 Prime (Bifrost Blue, 64 GB)",https://www.flipkart.com/redmi-10-prime-bifrost-blue-64-gb/p/itm6478ce2edc629?pid=MOBGK2GF23QESG7K&lid=LSTMOBGK2GF23QESG7KT5GEEY&marketplace=FLIPKART&store=tyy%2F4io&srno=b_6_128&otracker=nmenu_sub_Electronics_0_Mi&fm=organic&iid=ff3fefc5-92be-40ee-b9bf-f5f0b4999002.MOBGK2GF23QESG7K.SEARCH&ppt=None&ppn=None&ssid=e1y3bmu9kw0000001708240042778,4.1
104,"Redmi 6 (Rose Gold, 64 GB)",https://www.flipkart.com/redmi-6-rose-gold-64-gb/p/itmf8bdjfsd5q3n4?pid=MOBF9GM492GK2WHJ&lid=LSTMOBF9GM492GK2WHJGJNJSY&marketplace=FLIPKART&store=tyy%2F4io&srno=b_6_129&otracker=nmenu_sub_Electronics_0_Mi&fm=organic&iid=ff3fefc5-92be-40ee-b9bf-f5f0b4999002.MOBF9GM492GK2WHJ.SEARCH&ppt=None&ppn=None&ssid=e1y3bmu9kw0000001708240042778,4.4
105,"REDMI Note 11 Pro (Stealth Black, 128 GB)",https://www.flipkart.com/redmi-note-11-pro-stealth-black-128-gb/p/itm95bf4a8372c67?pid=MOBGCVGDNJR4SDHF&lid=LSTMOBGCVGDNJR4SDHFYXCVFI&marketplace=FLIPKART&store=tyy%2F4io&srno=b_6_130&otracker=nmenu_sub_Electronics_0_Mi&fm=organic&iid=ff3fefc5-92be-40ee-b9bf-f5f0b4999002.MOBGCVGDNJR4SDHF.SEARCH&ppt=None&ppn=None&ssid=e1y3bmu9kw0000001708240042778,4.3
106,"Redmi Note 11 PRO Plus 5G (Mirage Blue, 256 GB)",https://www.flipkart.com/redmi-note-11-pro-plus-5g-mirage-blue-256-gb/p/itmd029928dc2e7e?pid=MOBGHXQYQKR3YJXC&lid=LSTMOBGHXQYQKR3YJXCGYEXOH&marketplace=FLIPKART&store=tyy%2F4io&srno=b_6_131&otracker=nmenu_sub_Electronics_0_Mi&fm=organic&iid=ff3fefc5-92be-40ee-b9bf-f5f0b4999002.MOBGHXQYQKR3YJXC.SEARCH&ppt=None&ppn=None&ssid=e1y3bmu9kw0000001708240042778,4.2
107,"Redmi Note 7 Pro (Nebula Red, 64 GB)",https://www.flipkart.com/redmi-note-7-pro-nebula-red-64-gb/p/itmfhuq4xscxhjud?pid=MOBFHUQ4XG4HZ4SH&lid=LSTMOBFHUQ4XG4HZ4SHISDCF1&marketplace=FLIPKART&store=tyy%2F4io&srno=b_6_132&otracker=nmenu_sub_Electronics_0_Mi&fm=organic&iid=ff3fefc5-92be-40ee-b9bf-f5f0b4999002.MOBFHUQ4XG4HZ4SH.SEARCH&ppt=None&ppn=None&ssid=e1y3bmu9kw0000001708240042778,4.5
108,"Redmi K20 (Glacier Blue, 128 GB)",https://www.flipkart.com/redmi-k20-glacier-blue-128-gb/p/itmfggktx8gy4bcq?pid=MOBFG7UYQAZ4JBTS&lid=LSTMOBFG7UYQAZ4JBTSQ6MH5X&marketplace=FLIPKART&store=tyy%2F4io&srno=b_6_133&otracker=nmenu_sub_Electronics_0_Mi&fm=organic&iid=ff3fefc5-92be-40ee-b9bf-f5f0b4999002.MOBFG7UYQAZ4JBTS.SEARCH&ppt=None&ppn=None&ssid=e1y3bmu9kw0000001708240042778,4.5
109,"Mi A2 (Gold, 64 GB)",https://www.flipkart.com/mi-a2-gold-64-gb/p/itmfghsggejqrygr?pid=MOBF95FK8R3ZZZDW&lid=LSTMOBF95FK8R3ZZZDWWRTLAN&marketplace=FLIPKART&store=tyy%2F4io&srno=b_6_134&otracker=nmenu_sub_Electronics_0_Mi&fm=organic&iid=ff3fefc5-92be-40ee-b9bf-f5f0b4999002.MOBF95FK8R3ZZZDW.SEARCH&ppt=None&ppn=None&ssid=e1y3bmu9kw0000001708240042778,4.2
110,"Redmi 8 (Emerald Green, 64 GB)",https://www.flipkart.com/redmi-8-emerald-green-64-gb/p/itme0903bcb8a2cb?pid=MOBFKPYDTSZ8SFHH&lid=LSTMOBFKPYDTSZ8SFHHCHXWZT&marketplace=FLIPKART&store=tyy%2F4io&srno=b_6_135&otracker=nmenu_sub_Electronics_0_Mi&fm=organic&iid=ff3fefc5-92be-40ee-b9bf-f5f0b4999002.MOBFKPYDTSZ8SFHH.SEARCH&ppt=None&ppn=None&ssid=e1y3bmu9kw0000001708240042778,4.4
111,"Redmi 9A Sport (Coral Green, 32 GB)",https://www.flipkart.com/redmi-9a-sport-coral-green-32-gb/p/itm53bc6ebfe147b?pid=MOBGHDXFNHYHCSEU&lid=LSTMOBGHDXFNHYHCSEUSTASLB&marketplace=FLIPKART&store=tyy%2F4io&srno=b_6_136&otracker=nmenu_sub_Electronics_0_Mi&fm=organic&iid=ff3fefc5-92be-40ee-b9bf-f5f0b4999002.MOBGHDXFNHYHCSEU.SEARCH&ppt=None&ppn=None&ssid=e1y3bmu9kw0000001708240042778,4.1
112,"Redmi Note 7 Pro (Nebula Red, 64 GB)",https://www.flipkart.com/redmi-note-7-pro-nebula-red-64-gb/p/itm410bac3ec336c?pid=MOBFDXZ3UJJ7ETTE&lid=LSTMOBFDXZ3UJJ7ETTE9XVIPU&marketplace=FLIPKART&store=tyy%2F4io&srno=b_6_137&otracker=nmenu_sub_Electronics_0_Mi&fm=organic&iid=ff3fefc5-92be-40ee-b9bf-f5f0b4999002.MOBFDXZ3UJJ7ETTE.SEARCH&ppt=None&ppn=None&ssid=e1y3bmu9kw0000001708240042778,4.5
113,"Redmi 9A (Midnight Black, 32 GB)",https://www.flipkart.com/redmi-9a-midnight-black-32-gb/p/itmeabd39a0cd669?pid=MOBFVDA2RWTCFBHZ&lid=LSTMOBFVDA2RWTCFBHZUHYJOI&marketplace=FLIPKART&store=tyy%2F4io&srno=b_6_138&otracker=nmenu_sub_Electronics_0_Mi&fm=organic&iid=ff3fefc5-92be-40ee-b9bf-f5f0b4999002.MOBFVDA2RWTCFBHZ.SEARCH&ppt=None&ppn=None&ssid=e1y3bmu9kw0000001708240042778,4.2
114,"Xiaomi 11i Hypercharge 5G (Pacific Pearl, 128 GB)",https://www.flipkart.com/xiaomi-11i-hypercharge-5g-pacific-pearl-128-gb/p/itm495eaae251d5b?pid=MOBG9QWVHHSZS9HY&lid=LSTMOBG9QWVHHSZS9HYP30X9H&marketplace=FLIPKART&store=tyy%2F4io&srno=b_6_139&otracker=nmenu_sub_Electronics_0_Mi&fm=organic&iid=ff3fefc5-92be-40ee-b9bf-f5f0b4999002.MOBG9QWVHHSZS9HY.SEARCH&ppt=None&ppn=None&ssid=e1y3bmu9kw0000001708240042778,4.2
115,"Redmi K20 (Carbon Black, 128 GB)",https://www.flipkart.com/redmi-k20-carbon-black-128-gb/p/itmfa9f4f4326f8c?pid=MOBFG7UYGCXFUZZV&lid=LSTMOBFG7UYGCXFUZZV3A8OBA&marketplace=FLIPKART&store=tyy%2F4io&srno=b_6_140&otracker=nmenu_sub_Electronics_0_Mi&fm=organic&iid=ff3fefc5-92be-40ee-b9bf-f5f0b4999002.MOBFG7UYGCXFUZZV.SEARCH&ppt=None&ppn=None&ssid=e1y3bmu9kw0000001708240042778,4.5
116,"Redmi 8A Dual (Sky White, 32 GB)",https://www.flipkart.com/redmi-8a-dual-sky-white-32-gb/p/itmf5568beb3c3a5?pid=MOBFP7FMS6GNPQFY&lid=LSTMOBFP7FMS6GNPQFYULM21O&marketplace=FLIPKART&store=tyy%2F4io&srno=b_6_141&otracker=nmenu_sub_Electronics_0_Mi&fm=organic&iid=ff3fefc5-92be-40ee-b9bf-f5f0b4999002.MOBFP7FMS6GNPQFY.SEARCH&ppt=None&ppn=None&ssid=e1y3bmu9kw0000001708240042778,4.2
117,"Redmi Note 7S (Onyx Black, 32 GB)",https://www.flipkart.com/redmi-note-7s-onyx-black-32-gb/p/itmfgpbaq3wyvgwq?pid=MOBFGGJ8VUGCYUTU&lid=LSTMOBFGGJ8VUGCYUTU2UDZVP&marketplace=FLIPKART&store=tyy%2F4io&srno=b_6_142&otracker=nmenu_sub_Electronics_0_Mi&fm=organic&iid=ff3fefc5-92be-40ee-b9bf-f5f0b4999002.MOBFGGJ8VUGCYUTU.SEARCH&ppt=None&ppn=None&ssid=e1y3bmu9kw0000001708240042778,4.4
118,"Redmi Note 11 PRO Plus 5G (Mirage Blue, 128 GB)",https://www.flipkart.com/redmi-note-11-pro-plus-5g-mirage-blue-128-gb/p/itmd029928dc2e7e?pid=MOBGHDXJSBZB468D&lid=LSTMOBGHDXJSBZB468DMHPWPG&marketplace=FLIPKART&store=tyy%2F4io&srno=b_6_143&otracker=nmenu_sub_Electronics_0_Mi&fm=organic&iid=ff3fefc5-92be-40ee-b9bf-f5f0b4999002.MOBGHDXJSBZB468D.SEARCH&ppt=None&ppn=None&ssid=e1y3bmu9kw0000001708240042778,4.2
119,"Xiaomi 12 Pro 5G (Noir Black, 256 GB)",https://www.flipkart.com/xiaomi-12-pro-5g-noir-black-256-gb/p/itm0d1601b39b8bb?pid=MOBGDZ72AVDBGA66&lid=LSTMOBGDZ72AVDBGA661RKDPC&marketplace=FLIPKART&store=tyy%2F4io&srno=b_6_144&otracker=nmenu_sub_Electronics_0_Mi&fm=organic&iid=ff3fefc5-92be-40ee-b9bf-f5f0b4999002.MOBGDZ72AVDBGA66.SEARCH&ppt=None&ppn=None&ssid=e1y3bmu9kw0000001708240042778,4.1
120,"Redmi 6 (Gold, 32 GB)",https://www.flipkart.com/redmi-6-gold-32-gb/p/itmf8gyqx7hkszpf?pid=MOBF8BDJZDPYZZ8H&lid=LSTMOBF8BDJZDPYZZ8HFXWDBB&marketplace=FLIPKART&store=tyy%2F4io&srno=b_7_145&otracker=nmenu_sub_Electronics_0_Mi&fm=organic&iid=2ce35da5-0d4a-4e61-a343-1295861438c0.MOBF8BDJZDPYZZ8H.SEARCH&ppt=None&ppn=None&ssid=aocg0uzjcw0000001708240044029,4.4
121,"Xiaomi 11T Pro 5G Hyperphone (Celestial Magic, 256 GB)",https://www.flipkart.com/xiaomi-11t-pro-5g-hyperphone-celestial-magic-256-gb/p/itma7d02f2cf251e?pid=MOBGB244HU5AGUAZ&lid=LSTMOBGB244HU5AGUAZXQROKE&marketplace=FLIPKART&store=tyy%2F4io&srno=b_7_146&otracker=nmenu_sub_Electronics_0_Mi&fm=organic&iid=2ce35da5-0d4a-4e61-a343-1295861438c0.MOBGB244HU5AGUAZ.SEARCH&ppt=None&ppn=None&ssid=aocg0uzjcw0000001708240044029,4.1
122,"Redmi Note 5 Pro (Black, 64 GB)",https://www.flipkart.com/redmi-note-5-pro-black-64-gb/p/itmf2fc3qjzftfch?pid=MOBF28FTKDWY5EHE&lid=LSTMOBF28FTKDWY5EHEVZCTQW&marketplace=FLIPKART&store=tyy%2F4io&srno=b_7_147&otracker=nmenu_sub_Electronics_0_Mi&fm=organic&iid=2ce35da5-0d4a-4e61-a343-1295861438c0.MOBF28FTKDWY5EHE.SEARCH&ppt=None&ppn=None&ssid=aocg0uzjcw0000001708240044029,4.5
123,"Redmi Note 11 PRO Plus 5G (Stealth Black, 128 GB)",https://www.flipkart.com/redmi-note-11-pro-plus-5g-stealth-black-128-gb/p/itmd029928dc2e7e?pid=MOBGCQRR6Z8CA6PU&lid=LSTMOBGCQRR6Z8CA6PUAQ8LXG&marketplace=FLIPKART&store=tyy%2F4io&srno=b_7_148&otracker=nmenu_sub_Electronics_0_Mi&fm=organic&iid=2ce35da5-0d4a-4e61-a343-1295861438c0.MOBGCQRR6Z8CA6PU.SEARCH&ppt=None&ppn=None&ssid=aocg0uzjcw0000001708240044029,4.2
124,"Redmi Note 8 (Neptune Blue, 64 GB)",https://www.flipkart.com/redmi-note-8-neptune-blue-64-gb/p/itm873f03260c0a7?pid=MOBFHFFSG69TGSXQ&lid=LSTMOBFHFFSG69TGSXQU5MCK7&marketplace=FLIPKART&store=tyy%2F4io&srno=b_7_149&otracker=nmenu_sub_Electronics_0_Mi&fm=organic&iid=2ce35da5-0d4a-4e61-a343-1295861438c0.MOBFHFFSG69TGSXQ.SEARCH&ppt=None&ppn=None&ssid=aocg0uzjcw0000001708240044029,4.4
125,"Redmi 7A (Matte Blue, 16 GB)",https://www.flipkart.com/redmi-7a-matte-blue-16-gb/p/itmfhz4cgzzv3zu5?pid=MOBFHZ4BZ4HZ3UZ9&lid=LSTMOBFHZ4BZ4HZ3UZ9RUXKTR&marketplace=FLIPKART&store=tyy%2F4io&srno=b_7_150&otracker=nmenu_sub_Electronics_0_Mi&fm=organic&iid=2ce35da5-0d4a-4e61-a343-1295861438c0.MOBFHZ4BZ4HZ3UZ9.SEARCH&ppt=None&ppn=None&ssid=aocg0uzjcw0000001708240044029,4.3
126,"Redmi Note 5 Pro (Gold, 64 GB)",https://www.flipkart.com/redmi-note-5-pro-gold-64-gb/p/itmf2fc3txmqwdkb?pid=MOBF28FTHZYYGXFY&lid=LSTMOBF28FTHZYYGXFYRE2WTC&marketplace=FLIPKART&store=tyy%2F4io&srno=b_7_151&otracker=nmenu_sub_Electronics_0_Mi&fm=organic&iid=2ce35da5-0d4a-4e61-a343-1295861438c0.MOBF28FTHZYYGXFY.SEARCH&ppt=None&ppn=None&ssid=aocg0uzjcw0000001708240044029,4.5
127,"Redmi Go (Black, 8 GB)",https://www.flipkart.com/redmi-go-black-8-gb/p/itmfeauu7ys4tkhb?pid=MOBFDZQHCJFYXZHX&lid=LSTMOBFDZQHCJFYXZHX4QGFJB&marketplace=FLIPKART&store=tyy%2F4io&srno=b_7_152&otracker=nmenu_sub_Electronics_0_Mi&fm=organic&iid=2ce35da5-0d4a-4e61-a343-1295861438c0.MOBFDZQHCJFYXZHX.SEARCH&ppt=None&ppn=None&ssid=aocg0uzjcw0000001708240044029,4.3
128,"Redmi Note 7S (Sapphire Blue, 64 GB)",https://www.flipkart.com/redmi-note-7s-sapphire-blue-64-gb/p/itmfh75f4rhcjdfk?pid=MOBFGGJ8CKGVHHZU&lid=LSTMOBFGGJ8CKGVHHZUFUNURX&marketplace=FLIPKART&store=tyy%2F4io&srno=b_7_153&otracker=nmenu_sub_Electronics_0_Mi&fm=organic&iid=2ce35da5-0d4a-4e61-a343-1295861438c0.MOBFGGJ8CKGVHHZU.SEARCH&ppt=None&ppn=None&ssid=aocg0uzjcw0000001708240044029,4.4
129,"Redmi Note 7S (Moonlight White, 64 GB)",https://www.flipkart.com/redmi-note-7s-moonlight-white-64-gb/p/itm2fd6783550ddc?pid=MOBFJFZWDQGFGACH&lid=LSTMOBFJFZWDQGFGACHZXGWWP&marketplace=FLIPKART&store=tyy%2F4io&srno=b_7_154&otracker=nmenu_sub_Electronics_0_Mi&fm=organic&iid=2ce35da5-0d4a-4e61-a343-1295861438c0.MOBFJFZWDQGFGACH.SEARCH&ppt=None&ppn=None&ssid=aocg0uzjcw0000001708240044029,4.4
130,"Redmi 5A (Gold, 16 GB)",https://www.flipkart.com/redmi-5a-gold-16-gb/p/itmf2fwcumw7ghwy?pid=MOBEZWXENJA6PKFM&lid=LSTMOBEZWXENJA6PKFMRA0K3C&marketplace=FLIPKART&store=tyy%2F4io&srno=b_7_155&otracker=nmenu_sub_Electronics_0_Mi&fm=organic&iid=2ce35da5-0d4a-4e61-a343-1295861438c0.MOBEZWXENJA6PKFM.SEARCH&ppt=None&ppn=None&ssid=aocg0uzjcw0000001708240044029,4.5
131,"Redmi 5A (Blue, 32 GB)",https://www.flipkart.com/redmi-5a-blue-32-gb/p/itmf2fwcumw7ghwy?pid=MOBF34BKSDBMFKWG&lid=LSTMOBF34BKSDBMFKWGSHDEKV&marketplace=FLIPKART&store=tyy%2F4io&srno=b_7_156&otracker=nmenu_sub_Electronics_0_Mi&fm=organic&iid=2ce35da5-0d4a-4e61-a343-1295861438c0.MOBF34BKSDBMFKWG.SEARCH&ppt=None&ppn=None&ssid=aocg0uzjcw0000001708240044029,4.4
132,"Redmi 6A (Black, 32 GB)",https://www.flipkart.com/redmi-6a-black-32-gb/p/itmd152fd080314c?pid=MOBFAMZF2GJSXFMZ&lid=LSTMOBFAMZF2GJSXFMZLKIFXM&marketplace=FLIPKART&store=tyy%2F4io&srno=b_7_157&otracker=nmenu_sub_Electronics_0_Mi&fm=organic&iid=2ce35da5-0d4a-4e61-a343-1295861438c0.MOBFAMZF2GJSXFMZ.SEARCH&ppt=None&ppn=None&ssid=aocg0uzjcw0000001708240044029,4.3
133,"Redmi Note 9 Pro (Interstellar Black, 64 GB)",https://www.flipkart.com/redmi-note-9-pro-interstellar-black-64-gb/p/itma84d60532d415?pid=MOBFPZXUJHMYCBFK&lid=LSTMOBFPZXUJHMYCBFKGDLZ3E&marketplace=FLIPKART&store=tyy%2F4io&srno=b_7_158&otracker=nmenu_sub_Electronics_0_Mi&fm=organic&iid=2ce35da5-0d4a-4e61-a343-1295861438c0.MOBFPZXUJHMYCBFK.SEARCH&ppt=None&ppn=None&ssid=aocg0uzjcw0000001708240044029,4.3
134,"Xiaomi 11Lite NE (Vinyl Black, 128 GB)",https://www.flipkart.com/xiaomi-11lite-ne-vinyl-black-128-gb/p/itme31941c31379f?pid=MOBG7F6CHRSS3B73&lid=LSTMOBG7F6CHRSS3B73ID9D3K&marketplace=FLIPKART&store=tyy%2F4io&srno=b_7_159&otracker=nmenu_sub_Electronics_0_Mi&fm=organic&iid=2ce35da5-0d4a-4e61-a343-1295861438c0.MOBG7F6CHRSS3B73.SEARCH&ppt=None&ppn=None&ssid=aocg0uzjcw0000001708240044029,4.2
135,"Mi 11X (Cosmic Black, 128 GB)",https://www.flipkart.com/mi-11x-cosmic-black-128-gb/p/itmabc334b32f605?pid=MOBGGCHFRYMK6FJA&lid=LSTMOBGGCHFRYMK6FJALEUVAH&marketplace=FLIPKART&store=tyy%2F4io&srno=b_7_160&otracker=nmenu_sub_Electronics_0_Mi&fm=organic&iid=2ce35da5-0d4a-4e61-a343-1295861438c0.MOBGGCHFRYMK6FJA.SEARCH&ppt=None&ppn=None&ssid=aocg0uzjcw0000001708240044029,4.2
136,"Xiaomi 11Lite NE (Diamond Dazzle, 128 GB)",https://www.flipkart.com/xiaomi-11lite-ne-diamond-dazzle-128-gb/p/itme31941c31379f?pid=MOBG7F6CR48ZHE4P&lid=LSTMOBG7F6CR48ZHE4PX2ATCM&marketplace=FLIPKART&store=tyy%2F4io&srno=b_7_161&otracker=nmenu_sub_Electronics_0_Mi&fm=organic&iid=2ce35da5-0d4a-4e61-a343-1295861438c0.MOBG7F6CR48ZHE4P.SEARCH&ppt=None&ppn=None&ssid=aocg0uzjcw0000001708240044029,4.2
137,"Mi 11X Pro 5G (Cosmic Black, 128 GB)",https://www.flipkart.com/mi-11x-pro-5g-cosmic-black-128-gb/p/itmca65d279a84c8?pid=MOBG36HS2CKRMU8E&lid=LSTMOBG36HS2CKRMU8EANKDEI&marketplace=FLIPKART&store=tyy%2F4io&srno=b_7_162&otracker=nmenu_sub_Electronics_0_Mi&fm=organic&iid=2ce35da5-0d4a-4e61-a343-1295861438c0.MOBG36HS2CKRMU8E.SEARCH&ppt=None&ppn=None&ssid=aocg0uzjcw0000001708240044029,4
138,"Xiaomi 11Lite NE (Vinyl Black, 128 GB)",https://www.flipkart.com/xiaomi-11lite-ne-vinyl-black-128-gb/p/itme31941c31379f?pid=MOBG7F6CXRFJ8CF8&lid=LSTMOBG7F6CXRFJ8CF8MAXHOT&marketplace=FLIPKART&store=tyy%2F4io&srno=b_7_163&otracker=nmenu_sub_Electronics_0_Mi&fm=organic&iid=2ce35da5-0d4a-4e61-a343-1295861438c0.MOBG7F6CXRFJ8CF8.SEARCH&ppt=None&ppn=None&ssid=aocg0uzjcw0000001708240044029,4.2
139,"Redmi Note 8 (Cosmic Purple, 64 GB)",https://www.flipkart.com/redmi-note-8-cosmic-purple-64-gb/p/itm16c6c50702ff1?pid=MOBFNY8Z8RZXUTA2&lid=LSTMOBFNY8Z8RZXUTA2SMOIJI&marketplace=FLIPKART&store=tyy%2F4io&srno=b_7_164&otracker=nmenu_sub_Electronics_0_Mi&fm=organic&iid=2ce35da5-0d4a-4e61-a343-1295861438c0.MOBFNY8Z8RZXUTA2.SEARCH&ppt=None&ppn=None&ssid=aocg0uzjcw0000001708240044029,4.4
140,"Xiaomi 11Lite NE (Diamond Dazzle, 256 GB)",https://www.flipkart.com/xiaomi-11lite-ne-diamond-dazzle-256-gb/p/itma1603b7b81ab0?pid=MOBGHDXFZHCRBKJF&lid=LSTMOBGHDXFZHCRBKJFGO1HSG&marketplace=FLIPKART&store=tyy%2F4io&srno=b_7_165&otracker=nmenu_sub_Electronics_0_Mi&fm=organic&iid=2ce35da5-0d4a-4e61-a343-1295861438c0.MOBGHDXFZHCRBKJF.SEARCH&ppt=None&ppn=None&ssid=aocg0uzjcw0000001708240044029,4.2
141,"Redmi Note 11 PRO Plus 5G (Phantom White, 128 GB)",https://www.flipkart.com/redmi-note-11-pro-plus-5g-phantom-white-128-gb/p/itmd029928dc2e7e?pid=MOBGHFFT38TKTNWF&lid=LSTMOBGHFFT38TKTNWFVSQHGD&marketplace=FLIPKART&store=tyy%2F4io&srno=b_7_166&otracker=nmenu_sub_Electronics_0_Mi&fm=organic&iid=2ce35da5-0d4a-4e61-a343-1295861438c0.MOBGHFFT38TKTNWF.SEARCH&ppt=None&ppn=None&ssid=aocg0uzjcw0000001708240044029,4.2
142,"Mi 11 Lite (Tuscany Coral, 128 GB)",https://www.flipkart.com/mi-11-lite-tuscany-coral-128-gb/p/itmac6203bae9394?pid=MOBG3VSKAVNZFUXP&lid=LSTMOBG3VSKAVNZFUXPAJYTEU&marketplace=FLIPKART&store=tyy%2F4io&srno=b_7_167&otracker=nmenu_sub_Electronics_0_Mi&fm=organic&iid=2ce35da5-0d4a-4e61-a343-1295861438c0.MOBG3VSKAVNZFUXP.SEARCH&ppt=None&ppn=None&ssid=aocg0uzjcw0000001708240044029,4.2
143,"Redmi Note 9 Pro (Interstellar Black, 128 GB)",https://www.flipkart.com/redmi-note-9-pro-interstellar-black-128-gb/p/itma84d60532d415?pid=MOBFPZXUT5FX9GUH&lid=LSTMOBFPZXUT5FX9GUHFOBFFT&marketplace=FLIPKART&store=tyy%2F4io&srno=b_7_168&otracker=nmenu_sub_Electronics_0_Mi&fm=organic&iid=2ce35da5-0d4a-4e61-a343-1295861438c0.MOBFPZXUT5FX9GUH.SEARCH&ppt=None&ppn=None&ssid=aocg0uzjcw0000001708240044029,4.3
144,"Redmi Note 11 PRO Plus 5G (Phantom White, 128 GB)",https://www.flipkart.com/redmi-note-11-pro-plus-5g-phantom-white-128-gb/p/itmd029928dc2e7e?pid=MOBGHDXJF9APMMRT&lid=LSTMOBGHDXJF9APMMRT43R4XB&marketplace=FLIPKART&store=tyy%2F4io&srno=b_8_169&otracker=nmenu_sub_Electronics_0_Mi&fm=organic&iid=0e92883c-93e8-49fb-b0a1-77db7ae750fa.MOBGHDXJF9APMMRT.SEARCH&ppt=None&ppn=None&ssid=9c67rpzyv40000001708240045365,4.2
145,"Redmi Note 11 PRO Plus 5G (Stealth Black, 128 GB)",https://www.flipkart.com/redmi-note-11-pro-plus-5g-stealth-black-128-gb/p/itmd029928dc2e7e?pid=MOBGHDXJ7RYWC4DW&lid=LSTMOBGHDXJ7RYWC4DWPFISXT&marketplace=FLIPKART&store=tyy%2F4io&srno=b_8_170&otracker=nmenu_sub_Electronics_0_Mi&fm=organic&iid=0e92883c-93e8-49fb-b0a1-77db7ae750fa.MOBGHDXJ7RYWC4DW.SEARCH&ppt=None&ppn=None&ssid=9c67rpzyv40000001708240045365,4.2
146,"Xiaomi 11Lite NE (Tuscany Coral, 128 GB)",https://www.flipkart.com/xiaomi-11lite-ne-tuscany-coral-128-gb/p/itma1603b7b81ab0?pid=MOBGHDXFGFPZVQAT&lid=LSTMOBGHDXFGFPZVQATE7690W&marketplace=FLIPKART&store=tyy%2F4io&srno=b_8_171&otracker=nmenu_sub_Electronics_0_Mi&fm=organic&iid=0e92883c-93e8-49fb-b0a1-77db7ae750fa.MOBGHDXFGFPZVQAT.SEARCH&ppt=None&ppn=None&ssid=9c67rpzyv40000001708240045365,4.2
147,"Xiaomi 11Lite NE (Diamond Dazzle, 128 GB)",https://www.flipkart.com/xiaomi-11lite-ne-diamond-dazzle-128-gb/p/itma1603b7b81ab0?pid=MOBGHDXFRZCPBY95&lid=LSTMOBGHDXFRZCPBY95OD3NSJ&marketplace=FLIPKART&store=tyy%2F4io&srno=b_8_172&otracker=nmenu_sub_Electronics_0_Mi&fm=organic&iid=0e92883c-93e8-49fb-b0a1-77db7ae750fa.MOBGHDXFRZCPBY95.SEARCH&ppt=None&ppn=None&ssid=9c67rpzyv40000001708240045365,4.2
148,"Redmi Note 9 Pro (Aurora Blue, 64 GB)",https://www.flipkart.com/redmi-note-9-pro-aurora-blue-64-gb/p/itma84d60532d415?pid=MOBFPZXUDUPUKZF6&lid=LSTMOBFPZXUDUPUKZF6XDRLJE&marketplace=FLIPKART&store=tyy%2F4io&srno=b_8_173&otracker=nmenu_sub_Electronics_0_Mi&fm=organic&iid=0e92883c-93e8-49fb-b0a1-77db7ae750fa.MOBFPZXUDUPUKZF6.SEARCH&ppt=None&ppn=None&ssid=9c67rpzyv40000001708240045365,4.3
149,"Xiaomi 11Lite NE (Jazz Blue, 128 GB)",https://www.flipkart.com/xiaomi-11lite-ne-jazz-blue-128-gb/p/itma1603b7b81ab0?pid=MOBGHDXFY7GVTZQM&lid=LSTMOBGHDXFY7GVTZQMRWPAQK&marketplace=FLIPKART&store=tyy%2F4io&srno=b_8_174&otracker=nmenu_sub_Electronics_0_Mi&fm=organic&iid=0e92883c-93e8-49fb-b0a1-77db7ae750fa.MOBGHDXFY7GVTZQM.SEARCH&ppt=None&ppn=None&ssid=9c67rpzyv40000001708240045365,4.2
150,"Xiaomi 11Lite NE (Tuscany Coral, 128 GB)",https://www.flipkart.com/xiaomi-11lite-ne-tuscany-coral-128-gb/p/itma1603b7b81ab0?pid=MOBGHDXFB5FFHMSZ&lid=LSTMOBGHDXFB5FFHMSZFZAYOD&marketplace=FLIPKART&store=tyy%2F4io&srno=b_8_175&otracker=nmenu_sub_Electronics_0_Mi&fm=organic&iid=0e92883c-93e8-49fb-b0a1-77db7ae750fa.MOBGHDXFB5FFHMSZ.SEARCH&ppt=None&ppn=None&ssid=9c67rpzyv40000001708240045365,4.2
151,"Mi A2 (Lake Blue, 128 GB)",https://www.flipkart.com/mi-a2-lake-blue-128-gb/p/itmfghsgu6qkezgq?pid=MOBFF7A53WRRXZXH&lid=LSTMOBFF7A53WRRXZXH771YF7&marketplace=FLIPKART&store=tyy%2F4io&srno=b_8_176&otracker=nmenu_sub_Electronics_0_Mi&fm=organic&iid=0e92883c-93e8-49fb-b0a1-77db7ae750fa.MOBFF7A53WRRXZXH.SEARCH&ppt=None&ppn=None&ssid=9c67rpzyv40000001708240045365,4.1
152,"Mi 11 Lite (Tuscany Coral, 128 GB)",https://www.flipkart.com/mi-11-lite-tuscany-coral-128-gb/p/itmac6203bae9394?pid=MOBG3VSKAVNZFUXP&lid=LSTMOBG3VSKAVNZFUXPAJYTEU&marketplace=FLIPKART&store=tyy%2F4io&srno=b_8_177&otracker=nmenu_sub_Electronics_0_Mi&fm=organic&iid=0e92883c-93e8-49fb-b0a1-77db7ae750fa.MOBG3VSKAVNZFUXP.SEARCH&ppt=None&ppn=None&ssid=9c67rpzyv40000001708240045365,4.2
153,"Xiaomi 11Lite NE (Jazz Blue, 128 GB)",https://www.flipkart.com/xiaomi-11lite-ne-jazz-blue-128-gb/p/itma1603b7b81ab0?pid=MOBGHDXFZEB7F5ZQ&lid=LSTMOBGHDXFZEB7F5ZQSNSMVW&marketplace=FLIPKART&store=tyy%2F4io&srno=b_8_178&otracker=nmenu_sub_Electronics_0_Mi&fm=organic&iid=0e92883c-93e8-49fb-b0a1-77db7ae750fa.MOBGHDXFZEB7F5ZQ.SEARCH&ppt=None&ppn=None&ssid=9c67rpzyv40000001708240045365,4.2
154,"Redmi Note 5 (Blue, 32 GB)",https://www.flipkart.com/redmi-note-5-blue-32-gb/p/itmf3qsthbjgxsks?pid=MOBF28FTCDFR7VYZ&lid=LSTMOBF28FTCDFR7VYZV53ZBJ&marketplace=FLIPKART&store=tyy%2F4io&srno=b_8_179&otracker=nmenu_sub_Electronics_0_Mi&fm=organic&iid=0e92883c-93e8-49fb-b0a1-77db7ae750fa.MOBF28FTCDFR7VYZ.SEARCH&ppt=None&ppn=None&ssid=9c67rpzyv40000001708240045365,4.4
155,"Redmi Note 7S (Onyx Black, 64 GB)",https://www.flipkart.com/redmi-note-7s-onyx-black-64-gb/p/itm635484710fb94?pid=MOBFXENWJXQBRKG2&lid=LSTMOBFXENWJXQBRKG2DZ4GEP&marketplace=FLIPKART&store=tyy%2F4io&srno=b_8_180&otracker=nmenu_sub_Electronics_0_Mi&fm=organic&iid=0e92883c-93e8-49fb-b0a1-77db7ae750fa.MOBFXENWJXQBRKG2.SEARCH&ppt=None&ppn=None&ssid=9c67rpzyv40000001708240045365,4.4
156,"Xiaomi 12 Pro 5G (Couture Blue, 256 GB)",https://www.flipkart.com/xiaomi-12-pro-5g-couture-blue-256-gb/p/itmac60e1ad8aeae?pid=MOBGDZ78FGZCW2FF&lid=LSTMOBGDZ78FGZCW2FFSNEQWI&marketplace=FLIPKART&store=tyy%2F4io&srno=b_8_181&otracker=nmenu_sub_Electronics_0_Mi&fm=organic&iid=0e92883c-93e8-49fb-b0a1-77db7ae750fa.MOBGDZ78FGZCW2FF.SEARCH&ppt=None&ppn=None&ssid=9c67rpzyv40000001708240045365,4.1
157,"MI 11X 5G (CELESTIAL SILVER, 128 GB)",https://www.flipkart.com/mi-11x-5g-celestial-silver-128-gb/p/itmdc6a5f695c609?pid=MOBG2QS7CGUUCDDG&lid=LSTMOBG2QS7CGUUCDDGTRYB7N&marketplace=FLIPKART&store=tyy%2F4io&srno=b_8_182&otracker=nmenu_sub_Electronics_0_Mi&fm=organic&iid=0e92883c-93e8-49fb-b0a1-77db7ae750fa.MOBG2QS7CGUUCDDG.SEARCH&ppt=None&ppn=None&ssid=9c67rpzyv40000001708240045365,4.2
158,"Redmi 9 (Carbon Black, 64 GB)",https://www.flipkart.com/redmi-9-carbon-black-64-gb/p/itm4fb151383983b?pid=MOBFVHMPGATFZXWR&lid=LSTMOBFVHMPGATFZXWR6KZLV8&marketplace=FLIPKART&store=tyy%2F4io&srno=b_8_183&otracker=nmenu_sub_Electronics_0_Mi&fm=organic&iid=0e92883c-93e8-49fb-b0a1-77db7ae750fa.MOBFVHMPGATFZXWR.SEARCH&ppt=None&ppn=None&ssid=9c67rpzyv40000001708240045365,4.3
159,"Redmi 7 (Comet Blue, 32 GB)",https://www.flipkart.com/redmi-7-comet-blue-32-gb/p/itmfhg4ezfgx2efg?pid=MOBFFXXBYUTZCVGU&lid=LSTMOBFFXXBYUTZCVGUESIF9Y&marketplace=FLIPKART&store=tyy%2F4io&srno=b_8_184&otracker=nmenu_sub_Electronics_0_Mi&fm=organic&iid=0e92883c-93e8-49fb-b0a1-77db7ae750fa.MOBFFXXBYUTZCVGU.SEARCH&ppt=None&ppn=None&ssid=9c67rpzyv40000001708240045365,4.4
160,"Redmi 7 (Comet Blue, 32 GB)",https://www.flipkart.com/redmi-7-comet-blue-32-gb/p/itmfgaz9w4ky2zyd?pid=MOBFGD7NNHKYMCGV&lid=LSTMOBFGD7NNHKYMCGVREA0CU&marketplace=FLIPKART&store=tyy%2F4io&srno=b_8_185&otracker=nmenu_sub_Electronics_0_Mi&fm=organic&iid=0e92883c-93e8-49fb-b0a1-77db7ae750fa.MOBFGD7NNHKYMCGV.SEARCH&ppt=None&ppn=None&ssid=9c67rpzyv40000001708240045365,4.3
161,"Mi 11X (Cosmic Black, 128 GB)",https://www.flipkart.com/mi-11x-cosmic-black-128-gb/p/itmabc334b32f605?pid=MOBG36HSAGKKEVWV&lid=LSTMOBG36HSAGKKEVWV70PNFB&marketplace=FLIPKART&store=tyy%2F4io&srno=b_8_186&otracker=nmenu_sub_Electronics_0_Mi&fm=organic&iid=0e92883c-93e8-49fb-b0a1-77db7ae750fa.MOBG36HSAGKKEVWV.SEARCH&ppt=None&ppn=None&ssid=9c67rpzyv40000001708240045365,4.2
162,"Redmi Note 11 PRO Plus 5G (Mirage Blue, 128 GB)",https://www.flipkart.com/redmi-note-11-pro-plus-5g-mirage-blue-128-gb/p/itmd029928dc2e7e?pid=MOBGCQSU8SPQYSCW&lid=LSTMOBGCQSU8SPQYSCWNZXMWL&marketplace=FLIPKART&store=tyy%2F4io&srno=b_8_187&otracker=nmenu_sub_Electronics_0_Mi&fm=organic&iid=0e92883c-93e8-49fb-b0a1-77db7ae750fa.MOBGCQSU8SPQYSCW.SEARCH&ppt=None&ppn=None&ssid=9c67rpzyv40000001708240045365,4.2
163,"Xiaomi 11T Pro 5G Hyperphone (Moonlight White, 128 GB)",https://www.flipkart.com/xiaomi-11t-pro-5g-hyperphone-moonlight-white-128-gb/p/itm7124fdf6f4b04?pid=MOBGAYEQCCYRSZ92&lid=LSTMOBGAYEQCCYRSZ92LXPH0B&marketplace=FLIPKART&store=tyy%2F4io&srno=b_8_188&otracker=nmenu_sub_Electronics_0_Mi&fm=organic&iid=0e92883c-93e8-49fb-b0a1-77db7ae750fa.MOBGAYEQCCYRSZ92.SEARCH&ppt=None&ppn=None&ssid=9c67rpzyv40000001708240045365,4
164,"Xiaomi 11T Pro 5G Hyperphone (Celestial Magic, 256 GB)",https://www.flipkart.com/xiaomi-11t-pro-5g-hyperphone-celestial-magic-256-gb/p/itm7124fdf6f4b04?pid=MOBGAYHYN4UJHF8N&lid=LSTMOBGAYHYN4UJHF8NE7ZZ3I&marketplace=FLIPKART&store=tyy%2F4io&srno=b_8_189&otracker=nmenu_sub_Electronics_0_Mi&fm=organic&iid=0e92883c-93e8-49fb-b0a1-77db7ae750fa.MOBGAYHYN4UJHF8N.SEARCH&ppt=None&ppn=None&ssid=9c67rpzyv40000001708240045365,4
165,"Redmi 5A (Blue, 16 GB)",https://www.flipkart.com/redmi-5a-blue-16-gb/p/itmf2fwcumw7ghwy?pid=MOBF34BKHPZEPGSG&lid=LSTMOBF34BKHPZEPGSGWTZK93&marketplace=FLIPKART&store=tyy%2F4io&srno=b_8_190&otracker=nmenu_sub_Electronics_0_Mi&fm=organic&iid=0e92883c-93e8-49fb-b0a1-77db7ae750fa.MOBF34BKHPZEPGSG.SEARCH&ppt=None&ppn=None&ssid=9c67rpzyv40000001708240045365,4.5
166,"Mi 10 (Twilight Grey, 256 GB)",https://www.flipkart.com/mi-10-twilight-grey-256-gb/p/itmcfd22f3987f31?pid=MOBFRXQ62Y4YZANP&lid=LSTMOBFRXQ62Y4YZANPQBOU4E&marketplace=FLIPKART&store=tyy%2F4io&srno=b_8_191&otracker=nmenu_sub_Electronics_0_Mi&fm=organic&iid=0e92883c-93e8-49fb-b0a1-77db7ae750fa.MOBFRXQ62Y4YZANP.SEARCH&ppt=None&ppn=None&ssid=9c67rpzyv40000001708240045365,4.1
167,"Mi 10T Pro (Lunar Silver, 128 GB)",https://www.flipkart.com/mi-10t-pro-lunar-silver-128-gb/p/itm0821ac19f4bac?pid=MOBFWAFZANSBKHVJ&lid=LSTMOBFWAFZANSBKHVJQPFPVU&marketplace=FLIPKART&store=tyy%2F4io&srno=b_8_192&otracker=nmenu_sub_Electronics_0_Mi&fm=organic&iid=0e92883c-93e8-49fb-b0a1-77db7ae750fa.MOBFWAFZANSBKHVJ.SEARCH&ppt=None&ppn=None&ssid=9c67rpzyv40000001708240045365,4.2
168,"Mi 10T Pro (Lunar Silver, 128 GB)",https://www.flipkart.com/mi-10t-pro-lunar-silver-128-gb/p/itm0821ac19f4bac?pid=MOBFWAFZANSBKHVJ&lid=LSTMOBFWAFZANSBKHVJMXWGVB&marketplace=FLIPKART&store=tyy%2F4io&srno=b_9_193&otracker=nmenu_sub_Electronics_0_Mi&fm=organic&iid=8233122e-e215-4da7-88f7-4b99f3e3f631.MOBFWAFZANSBKHVJ.SEARCH&ppt=None&ppn=None&ssid=cucvwik0g00000001708240046183,4.2
169,"Redmi Note 7 Pro (Moonlight White, 64 GB)",https://www.flipkart.com/redmi-note-7-pro-moonlight-white-64-gb/p/itm96bc2b257e9dd?pid=MOBFJFZDSKB9B8XV&lid=LSTMOBFJFZDSKB9B8XVLAZV3S&marketplace=FLIPKART&store=tyy%2F4io&srno=b_9_194&otracker=nmenu_sub_Electronics_0_Mi&fm=organic&iid=8233122e-e215-4da7-88f7-4b99f3e3f631.MOBFJFZDSKB9B8XV.SEARCH&ppt=None&ppn=None&ssid=cucvwik0g00000001708240046183,4.5
170,"Redmi Note 7 (Ruby Red, 64 GB)",https://www.flipkart.com/redmi-note-7-ruby-red-64-gb/p/itme61694ad69e1a?pid=MOBFDXZ39VMKXZAA&lid=LSTMOBFDXZ39VMKXZAAFVLWMI&marketplace=FLIPKART&store=tyy%2F4io&srno=b_9_195&otracker=nmenu_sub_Electronics_0_Mi&fm=organic&iid=8233122e-e215-4da7-88f7-4b99f3e3f631.MOBFDXZ39VMKXZAA.SEARCH&ppt=None&ppn=None&ssid=cucvwik0g00000001708240046183,4.5
171,"Mi A2 (Rose Gold, 64 GB)",https://www.flipkart.com/mi-a2-rose-gold-64-gb/p/itmfghsgzcsstzm6?pid=MOBFDHWV4HZJPYYC&lid=LSTMOBFDHWV4HZJPYYCC6IEIF&marketplace=FLIPKART&store=tyy%2F4io&srno=b_9_196&otracker=nmenu_sub_Electronics_0_Mi&fm=organic&iid=8233122e-e215-4da7-88f7-4b99f3e3f631.MOBFDHWV4HZJPYYC.SEARCH&ppt=None&ppn=None&ssid=cucvwik0g00000001708240046183,4.2
172,"Redmi Note 11 PRO Plus 5G (PHANTOM WHITE, 256 GB)",https://www.flipkart.com/redmi-note-11-pro-plus-5g-phantom-white-256-gb/p/itmd029928dc2e7e?pid=MOBGHDXFGEGN7YTA&lid=LSTMOBGHDXFGEGN7YTA4OVWBZ&marketplace=FLIPKART&store=tyy%2F4io&srno=b_9_197&otracker=nmenu_sub_Electronics_0_Mi&fm=organic&iid=8233122e-e215-4da7-88f7-4b99f3e3f631.MOBGHDXFGEGN7YTA.SEARCH&ppt=None&ppn=None&ssid=cucvwik0g00000001708240046183,4.2
173,"Redmi Note 7 Pro (Space Black, 64 GB)",https://www.flipkart.com/redmi-note-7-pro-space-black-64-gb/p/itm410bac3ec336c?pid=MOBFDXZ36Y4DJBGM&lid=LSTMOBFDXZ36Y4DJBGMZM2NZX&marketplace=FLIPKART&store=tyy%2F4io&srno=b_9_198&otracker=nmenu_sub_Electronics_0_Mi&fm=organic&iid=8233122e-e215-4da7-88f7-4b99f3e3f631.MOBFDXZ36Y4DJBGM.SEARCH&ppt=None&ppn=None&ssid=cucvwik0g00000001708240046183,4.5
174,"Redmi Y2 (Rose Gold, 32 GB)",https://www.flipkart.com/redmi-y2-rose-gold-32-gb/p/itm4ce00106320c3?pid=MOBF8UKG97G3MHBZ&lid=LSTMOBF8UKG97G3MHBZGKGEHM&marketplace=FLIPKART&store=tyy%2F4io&srno=b_9_199&otracker=nmenu_sub_Electronics_0_Mi&fm=organic&iid=8233122e-e215-4da7-88f7-4b99f3e3f631.MOBF8UKG97G3MHBZ.SEARCH&ppt=None&ppn=None&ssid=cucvwik0g00000001708240046183,4.5
175,"Redmi Note 8 (Space Black, 64 GB)",https://www.flipkart.com/redmi-note-8-space-black-64-gb/p/itm08591750a9973?pid=MOBFHFFSMVQJYYWY&lid=LSTMOBFHFFSMVQJYYWYKNP5GG&marketplace=FLIPKART&store=tyy%2F4io&srno=b_9_200&otracker=nmenu_sub_Electronics_0_Mi&fm=organic&iid=8233122e-e215-4da7-88f7-4b99f3e3f631.MOBFHFFSMVQJYYWY.SEARCH&ppt=None&ppn=None&ssid=cucvwik0g00000001708240046183,4.4
176,"Redmi 8A Dual (Sky White, 64 GB)",https://www.flipkart.com/redmi-8a-dual-sky-white-64-gb/p/itmf5568beb3c3a5?pid=MOBFSWAG5MRQMEXM&lid=LSTMOBFSWAG5MRQMEXMTW8KOU&marketplace=FLIPKART&store=tyy%2F4io&srno=b_9_201&otracker=nmenu_sub_Electronics_0_Mi&fm=organic&iid=8233122e-e215-4da7-88f7-4b99f3e3f631.MOBFSWAG5MRQMEXM.SEARCH&ppt=None&ppn=None&ssid=cucvwik0g00000001708240046183,4.2
177,"Xiaomi 11Lite NE (Diamond Dazzle, 128 GB)",https://www.flipkart.com/xiaomi-11lite-ne-diamond-dazzle-128-gb/p/itme31941c31379f?pid=MOBG7F6CR48ZHE4P&lid=LSTMOBG7F6CR48ZHE4PRP0JVC&marketplace=FLIPKART&store=tyy%2F4io&srno=b_9_202&otracker=nmenu_sub_Electronics_0_Mi&fm=organic&iid=8233122e-e215-4da7-88f7-4b99f3e3f631.MOBG7F6CR48ZHE4P.SEARCH&ppt=None&ppn=None&ssid=cucvwik0g00000001708240046183,4.2
178,"Redmi 7 (Lunar Red, 32 GB)",https://www.flipkart.com/redmi-7-lunar-red-32-gb/p/itmfhg4ezfgx2efg?pid=MOBFFXXBJACTAQHZ&lid=LSTMOBFFXXBJACTAQHZBDQDLP&marketplace=FLIPKART&store=tyy%2F4io&srno=b_9_203&otracker=nmenu_sub_Electronics_0_Mi&fm=organic&iid=8233122e-e215-4da7-88f7-4b99f3e3f631.MOBFFXXBJACTAQHZ.SEARCH&ppt=None&ppn=None&ssid=cucvwik0g00000001708240046183,4.4
179,"11 Lite NE (Diamond Dazzle, 128 GB)",https://www.flipkart.com/11-lite-ne-diamond-dazzle-128-gb/p/itmbc33dfc42d8b7?pid=MOBGGCHFQBB6GE8Q&lid=LSTMOBGGCHFQBB6GE8QF5FMOG&marketplace=FLIPKART&store=tyy%2F4io&srno=b_9_204&otracker=nmenu_sub_Electronics_0_Mi&fm=organic&iid=8233122e-e215-4da7-88f7-4b99f3e3f631.MOBGGCHFQBB6GE8Q.SEARCH&ppt=None&ppn=None&ssid=cucvwik0g00000001708240046183,4.1
180,"11 Lite NE (Tuscany Coral, 128 GB)",https://www.flipkart.com/11-lite-ne-tuscany-coral-128-gb/p/itmbc33dfc42d8b7?pid=MOBGGCHFDXGABKBB&lid=LSTMOBGGCHFDXGABKBBBM5QNM&marketplace=FLIPKART&store=tyy%2F4io&srno=b_9_205&otracker=nmenu_sub_Electronics_0_Mi&fm=organic&iid=8233122e-e215-4da7-88f7-4b99f3e3f631.MOBGGCHFDXGABKBB.SEARCH&ppt=None&ppn=None&ssid=cucvwik0g00000001708240046183,4.1
181,"11 Lite NE (Vinyl Black, 128 GB)",https://www.flipkart.com/11-lite-ne-vinyl-black-128-gb/p/itmbc33dfc42d8b7?pid=MOBGGCHFYHWMDNV7&lid=LSTMOBGGCHFYHWMDNV77HWLCK&marketplace=FLIPKART&store=tyy%2F4io&srno=b_9_206&otracker=nmenu_sub_Electronics_0_Mi&fm=organic&iid=8233122e-e215-4da7-88f7-4b99f3e3f631.MOBGGCHFYHWMDNV7.SEARCH&ppt=None&ppn=None&ssid=cucvwik0g00000001708240046183,4.1
182,"11 Lite NE (Jazz Blue, 128 GB)",https://www.flipkart.com/11-lite-ne-jazz-blue-128-gb/p/itmbc33dfc42d8b7?pid=MOBGGCHFQSYFTSVD&lid=LSTMOBGGCHFQSYFTSVDSWKUQS&marketplace=FLIPKART&store=tyy%2F4io&srno=b_9_207&otracker=nmenu_sub_Electronics_0_Mi&fm=organic&iid=8233122e-e215-4da7-88f7-4b99f3e3f631.MOBGGCHFQSYFTSVD.SEARCH&ppt=None&ppn=None&ssid=cucvwik0g00000001708240046183,4.1
183,"Mi 10i (Atlantic Blue, 128 GB)",https://www.flipkart.com/mi-10i-atlantic-blue-128-gb/p/itm780df69dfa0fe?pid=MOBFZ4RZJMFPQDXH&lid=LSTMOBFZ4RZJMFPQDXHZTB6H4&marketplace=FLIPKART&store=tyy%2F4io&srno=b_9_208&otracker=nmenu_sub_Electronics_0_Mi&fm=organic&iid=8233122e-e215-4da7-88f7-4b99f3e3f631.MOBFZ4RZJMFPQDXH.SEARCH&ppt=None&ppn=None&ssid=cucvwik0g00000001708240046183,4.3
184,"Redmi Note 4 (Dark Grey, 64 GB)",https://www.flipkart.com/redmi-note-4-dark-grey-64-gb/p/itmeqg88cnhyyuaf?pid=MOBEQ98TWG8X4HH3&lid=LSTMOBEQ98TWG8X4HH32Q8CUB&marketplace=FLIPKART&store=tyy%2F4io&srno=b_9_209&otracker=nmenu_sub_Electronics_0_Mi&fm=organic&iid=8233122e-e215-4da7-88f7-4b99f3e3f631.MOBEQ98TWG8X4HH3.SEARCH&ppt=None&ppn=None&ssid=cucvwik0g00000001708240046183,4.4
185,"Redmi 7 (Eclipse Black, 32 GB)",https://www.flipkart.com/redmi-7-eclipse-black-32-gb/p/itmfhg4ezfgx2efg?pid=MOBFFXXBYGZCG2BW&lid=LSTMOBFFXXBYGZCG2BW175ZQK&marketplace=FLIPKART&store=tyy%2F4io&srno=b_9_210&otracker=nmenu_sub_Electronics_0_Mi&fm=organic&iid=8233122e-e215-4da7-88f7-4b99f3e3f631.MOBFFXXBYGZCG2BW.SEARCH&ppt=None&ppn=None&ssid=cucvwik0g00000001708240046183,4.4
186,"11 Lite NE (Jazz Blue, 128 GB)",https://www.flipkart.com/11-lite-ne-jazz-blue-128-gb/p/itmbc33dfc42d8b7?pid=MOBGGCHFQZCKHJPZ&lid=LSTMOBGGCHFQZCKHJPZUHFVMX&marketplace=FLIPKART&store=tyy%2F4io&srno=b_9_211&otracker=nmenu_sub_Electronics_0_Mi&fm=organic&iid=8233122e-e215-4da7-88f7-4b99f3e3f631.MOBGGCHFQZCKHJPZ.SEARCH&ppt=None&ppn=None&ssid=cucvwik0g00000001708240046183,3.7
187,"11 Lite NE (Tuscany Coral, 128 GB)",https://www.flipkart.com/11-lite-ne-tuscany-coral-128-gb/p/itmbc33dfc42d8b7?pid=MOBGGCHFVHGZZFZP&lid=LSTMOBGGCHFVHGZZFZP7KA82C&marketplace=FLIPKART&store=tyy%2F4io&srno=b_9_212&otracker=nmenu_sub_Electronics_0_Mi&fm=organic&iid=8233122e-e215-4da7-88f7-4b99f3e3f631.MOBGGCHFVHGZZFZP.SEARCH&ppt=None&ppn=None&ssid=cucvwik0g00000001708240046183,3.7
188,"11 Lite NE (Diamond Dazzle, 128 GB)",https://www.flipkart.com/11-lite-ne-diamond-dazzle-128-gb/p/itmbc33dfc42d8b7?pid=MOBGGCHFQYTSEJAX&lid=LSTMOBGGCHFQYTSEJAXTZNARJ&marketplace=FLIPKART&store=tyy%2F4io&srno=b_9_213&otracker=nmenu_sub_Electronics_0_Mi&fm=organic&iid=8233122e-e215-4da7-88f7-4b99f3e3f631.MOBGGCHFQYTSEJAX.SEARCH&ppt=None&ppn=None&ssid=cucvwik0g00000001708240046183,3.7
189,"11 Lite NE (Vinyl Black, 128 GB)",https://www.flipkart.com/11-lite-ne-vinyl-black-128-gb/p/itmbc33dfc42d8b7?pid=MOBGGCHFU2JBFFZZ&lid=LSTMOBGGCHFU2JBFFZZQK67IV&marketplace=FLIPKART&store=tyy%2F4io&srno=b_9_214&otracker=nmenu_sub_Electronics_0_Mi&fm=organic&iid=8233122e-e215-4da7-88f7-4b99f3e3f631.MOBGGCHFU2JBFFZZ.SEARCH&ppt=None&ppn=None&ssid=cucvwik0g00000001708240046183,3.7
190,"Redmi Y2 (Gold, 32 GB)",https://www.flipkart.com/redmi-y2-gold-32-gb/p/itm4ce00106320c3?pid=MOBF7WPMVZHB5WKY&lid=LSTMOBF7WPMVZHB5WKYDCNDDL&marketplace=FLIPKART&store=tyy%2F4io&srno=b_9_215&otracker=nmenu_sub_Electronics_0_Mi&fm=organic&iid=8233122e-e215-4da7-88f7-4b99f3e3f631.MOBF7WPMVZHB5WKY.SEARCH&ppt=None&ppn=None&ssid=cucvwik0g00000001708240046183,4.5
191,"Redmi 2 (White, 8 GB)",https://www.flipkart.com/redmi-2-white-8-gb/p/itme8ygtcfax6w39?pid=MOBE56FTBEVG9MKS&lid=LSTMOBE56FTBEVG9MKS7XBGXS&marketplace=FLIPKART&store=tyy%2F4io&srno=b_9_216&otracker=nmenu_sub_Electronics_0_Mi&fm=organic&iid=8233122e-e215-4da7-88f7-4b99f3e3f631.MOBE56FTBEVG9MKS.SEARCH&ppt=None&ppn=None&ssid=cucvwik0g00000001708240046183,4.2
